"MEASUREMENTS","CELL_LINES","CONDITIONS","STIM_DAYS","Plate","Date","Dilution_Factor","IL2_concentration","IL2_concentration_DILUTION_FACTOR"
0.396,"3E10_GFP","STIM",1,1,2022-06-23,5,381.098915879052,1905.49457939526
0.918,"69","STIM",1,1,2022-06-23,5,883.456577719619,4417.2828885981
0.658,"590_L","STIM",1,1,2022-06-23,5,633.24011779903,3166.20058899515
0.135,"614_H","STIM",1,1,2022-06-23,5,129.920084958768,649.600424793838
0.229,"614_L","STIM",1,1,2022-06-23,5,220.382958930058,1101.91479465029
0.02,"T6BD_H","STIM",1,1,2022-06-23,5,19.2474199938915,96.2370999694575
0.012,"T6BD_L","STIM",1,1,2022-06-23,5,11.5484519963349,57.7422599816745
0.436,"3E10_GFP","STIM",1,1,2022-06-23,5,419.593755866834,2097.96877933417
0.875,"69","STIM",1,1,2022-06-23,5,842.074624732753,4210.37312366376
0.635,"590_L","STIM",1,1,2022-06-23,5,611.105584806055,3055.52792403027
0.134,"614_H","STIM",1,1,2022-06-23,5,128.957713959073,644.788569795365
0.224,"614_L","STIM",1,1,2022-06-23,5,215.571103931585,1077.85551965792
0.02,"T6BD_H","STIM",1,1,2022-06-23,5,19.2474199938915,96.2370999694575
0.011,"T6BD_L","STIM",1,1,2022-06-23,5,10.5860809966403,52.9304049832016
0.44,"3E10_GFP","STIM",1,1,2022-06-23,5,423.443239865613,2117.21619932806
0.902,"69","STIM",1,1,2022-06-23,5,868.058641724506,4340.29320862253
0.604,"590_L","STIM",1,1,2022-06-23,5,581.272083815523,2906.36041907761
0.134,"614_H","STIM",1,1,2022-06-23,5,128.957713959073,644.788569795365
0.235,"614_L","STIM",1,1,2022-06-23,5,226.157184928225,1130.78592464113
0.018,"T6BD_H","STIM",1,1,2022-06-23,5,17.3226779945023,86.6133899725117
0.006,"T6BD_L","STIM",1,1,2022-06-23,5,5.77422599816745,28.8711299908372
0.034,"3E10_GFP","UNSTIM",1,1,2022-06-23,5,32.7206139896155,163.603069948078
0.035,"69","UNSTIM",1,1,2022-06-23,5,33.6829849893101,168.414924946551
0.033,"590_L","UNSTIM",1,1,2022-06-23,5,31.758242989921,158.791214949605
0.09,"614_H","UNSTIM",1,1,2022-06-23,5,86.6133899725117,433.066949862558
0.1,"614_L","UNSTIM",1,1,2022-06-23,5,96.2370999694575,481.185499847287
0.015,"T6BD_H","UNSTIM",1,1,2022-06-23,5,14.4355649954186,72.1778249770931
0.054,"T6BD_L","UNSTIM",1,1,2022-06-23,5,51.968033983507,259.840169917535
0.043,"3E10_GFP","UNSTIM",1,1,2022-06-23,5,41.3819529868667,206.909764934334
0.042,"69","UNSTIM",1,1,2022-06-23,5,40.4195819871721,202.097909935861
0.033,"590_L","UNSTIM",1,1,2022-06-23,5,31.758242989921,158.791214949605
0.075,"614_H","UNSTIM",1,1,2022-06-23,5,72.1778249770931,360.889124885465
0.106,"614_L","UNSTIM",1,1,2022-06-23,5,102.011325967625,510.056629838124
0.016,"T6BD_H","UNSTIM",1,1,2022-06-23,5,15.3979359951132,76.989679975566
0.007,"T6BD_L","UNSTIM",1,1,2022-06-23,5,6.73659699786202,33.6829849893101
0.038,"3E10_GFP","UNSTIM",1,1,2022-06-23,5,36.5700979883938,182.850489941969
0.049,"69","UNSTIM",1,1,2022-06-23,5,47.1561789850342,235.780894925171
0.035,"590_L","UNSTIM",1,1,2022-06-23,5,33.6829849893101,168.414924946551
0.079,"614_H","UNSTIM",1,1,2022-06-23,5,76.0273089758714,380.136544879357
0.11,"614_L","UNSTIM",1,1,2022-06-23,5,105.860809966403,529.304049832016
0.016,"T6BD_H","UNSTIM",1,1,2022-06-23,5,15.3979359951132,76.989679975566
0.008,"T6BD_L","UNSTIM",1,1,2022-06-23,5,7.6989679975566,38.494839987783
0.362,"3E10_GFP","STIM",2,1,2022-06-23,5,348.378301889436,1741.89150944718
0.757,"69","STIM",2,1,2022-06-23,5,728.514846768793,3642.57423384396
0.38,"590_L","STIM",2,1,2022-06-23,5,365.700979883938,1828.50489941969
0.428,"614_H","STIM",2,1,2022-06-23,5,411.894787869278,2059.47393934639
0.284,"614_L","STIM",2,1,2022-06-23,5,273.313363913259,1366.5668195663
0.012,"T6BD_H","STIM",2,1,2022-06-23,5,11.5484519963349,57.7422599816745
0.009,"T6BD_L","STIM",2,1,2022-06-23,5,8.66133899725117,43.3066949862558
0.343,"3E10_GFP","STIM",2,1,2022-06-23,5,330.093252895239,1650.4662644762
0.806,"69","STIM",2,1,2022-06-23,5,775.671025753827,3878.35512876914
0.368,"590_L","STIM",2,1,2022-06-23,5,354.152527887603,1770.76263943802
0.406,"614_H","STIM",2,1,2022-06-23,5,390.722625875997,1953.61312937999
0.262,"614_L","STIM",2,1,2022-06-23,5,252.141201919979,1260.70600959989
0.009,"T6BD_H","STIM",2,1,2022-06-23,5,8.66133899725117,43.3066949862558
0.009,"T6BD_L","STIM",2,1,2022-06-23,5,8.66133899725117,43.3066949862558
0.334,"3E10_GFP","STIM",2,1,2022-06-23,5,321.431913897988,1607.15956948994
0.746,"69","STIM",2,1,2022-06-23,5,717.928765772153,3589.64382886076
0.352,"590_L","STIM",2,1,2022-06-23,5,338.75459189249,1693.77295946245
0.386,"614_H","STIM",2,1,2022-06-23,5,371.475205882106,1857.37602941053
0.228,"614_L","STIM",2,1,2022-06-23,5,219.420587930363,1097.10293965181
0.011,"T6BD_H","STIM",2,1,2022-06-23,5,10.5860809966403,52.9304049832016
0.007,"T6BD_L","STIM",2,1,2022-06-23,5,6.73659699786202,33.6829849893101
0.044,"3E10_GFP","UNSTIM",2,1,2022-06-23,5,42.3443239865613,211.721619932806
0.04,"69","UNSTIM",2,1,2022-06-23,5,38.494839987783,192.474199938915
0.015,"590_L","UNSTIM",2,1,2022-06-23,5,14.4355649954186,72.1778249770931
0.193,"614_H","UNSTIM",2,1,2022-06-23,5,185.737602941053,928.688014705264
0.089,"614_L","UNSTIM",2,1,2022-06-23,5,85.6510189728171,428.255094864086
0.01,"T6BD_H","UNSTIM",2,1,2022-06-23,5,9.62370999694575,48.1185499847287
0.01,"T6BD_L","UNSTIM",2,1,2022-06-23,5,9.62370999694575,48.1185499847287
0.029,"3E10_GFP","UNSTIM",2,1,2022-06-23,5,27.9087589911427,139.543794955713
0.044,"69","UNSTIM",2,1,2022-06-23,5,42.3443239865613,211.721619932806
0.015,"590_L","UNSTIM",2,1,2022-06-23,5,14.4355649954186,72.1778249770931
0.189,"614_H","UNSTIM",2,1,2022-06-23,5,181.888118942275,909.440594711373
0.096,"614_L","UNSTIM",2,1,2022-06-23,5,92.3876159706791,461.938079853396
0.007,"T6BD_H","UNSTIM",2,1,2022-06-23,5,6.73659699786202,33.6829849893101
0.005,"T6BD_L","UNSTIM",2,1,2022-06-23,5,4.81185499847287,24.0592749923644
0.026,"3E10_GFP","UNSTIM",2,1,2022-06-23,5,25.0216459920589,125.108229960295
0.041,"69","UNSTIM",2,1,2022-06-23,5,39.4572109874776,197.286054937388
0.015,"590_L","UNSTIM",2,1,2022-06-23,5,14.4355649954186,72.1778249770931
0.203,"614_H","UNSTIM",2,1,2022-06-23,5,195.361312937999,976.806564689993
0.099,"614_L","UNSTIM",2,1,2022-06-23,5,95.2747289697629,476.373644848814
0.011,"T6BD_H","UNSTIM",2,1,2022-06-23,5,10.5860809966403,52.9304049832016
0.006,"T6BD_L","UNSTIM",2,1,2022-06-23,5,5.77422599816745,28.8711299908372
0.516,"3E10_GFP","STIM",1,1,2022-07-01,5,402.658689753198,2013.29344876599
0.759,"69","STIM",1,1,2022-07-01,5,592.282840160227,2961.41420080114
0.013,"591_L","STIM",1,1,2022-07-01,5,10.1445018736271,50.7225093681354
-0.001,"631_H","STIM",1,1,2022-07-01,5,-0.780346297971314,-3.90173148985657
0.015,"632_H","STIM",1,1,2022-07-01,5,11.7051944695697,58.5259723478486
0.581,"3E10_GFP","STIM",3,1,2022-07-01,5,453.381199121333,2266.90599560667
0.556,"3E10_GFP","STIM",3,1,2022-07-01,5,433.872541672051,2169.36270836025
0.622,"3E10_GFP","STIM",3,1,2022-07-01,5,485.375397338157,2426.87698669079
0.461,"3E10_GFP","STIM",1,1,2022-07-01,5,359.739643364776,1798.69821682388
0.702,"69","STIM",1,1,2022-07-01,5,547.803101175862,2739.01550587931
0.01,"591_L","STIM",1,1,2022-07-01,5,7.80346297971314,39.0173148985657
0.003,"631_H","STIM",1,1,2022-07-01,5,2.34103889391394,11.7051944695697
0.016,"632_H","STIM",1,1,2022-07-01,5,12.485540767541,62.4277038377051
0.039,"3E10_GFP","UNSTIM",3,1,2022-07-01,5,30.4335056208813,152.167528104406
0.028,"3E10_GFP","UNSTIM",3,1,2022-07-01,5,21.8496963431968,109.248481715984
0.026,"3E10_GFP","UNSTIM",3,1,2022-07-01,5,20.2890037472542,101.445018736271
0.47,"3E10_GFP","STIM",1,1,2022-07-01,5,366.762760046518,1833.81380023259
0.637,"69","STIM",1,1,2022-07-01,5,497.080591807727,2485.40295903864
0.01,"591_L","STIM",1,1,2022-07-01,5,7.80346297971314,39.0173148985657
0.006,"631_H","STIM",1,1,2022-07-01,5,4.68207778782789,23.4103889391394
0.015,"632_H","STIM",1,1,2022-07-01,5,11.7051944695697,58.5259723478486
0.803,"69","STIM",3,1,2022-07-01,5,626.618077270965,3133.09038635483
0.824,"69","STIM",3,1,2022-07-01,5,643.005349528363,3215.02674764181
0.829,"69","STIM",3,1,2022-07-01,5,646.907081018219,3234.5354050911
0.032,"3E10_GFP","UNSTIM",1,1,2022-07-01,5,24.9710815350821,124.85540767541
0.02,"69","UNSTIM",1,1,2022-07-01,5,15.6069259594263,78.0346297971314
0.011,"591_L","UNSTIM",1,1,2022-07-01,5,8.58380927768446,42.9190463884223
0.006,"631_H","UNSTIM",1,1,2022-07-01,5,4.68207778782789,23.4103889391394
0.023,"632_H","UNSTIM",1,1,2022-07-01,5,17.9479648533402,89.7398242667011
0.021,"69","UNSTIM",3,1,2022-07-01,5,16.3872722573976,81.936361286988
0.015,"69","UNSTIM",3,1,2022-07-01,5,11.7051944695697,58.5259723478486
0.014,"69","UNSTIM",3,1,2022-07-01,5,10.9248481715984,54.624240857992
0.025,"3E10_GFP","UNSTIM",1,1,2022-07-01,5,19.5086574492829,97.5432872464143
0.015,"69","UNSTIM",1,1,2022-07-01,5,11.7051944695697,58.5259723478486
0.017,"591_L","UNSTIM",1,1,2022-07-01,5,13.2658870655123,66.3294353275617
0.005,"631_H","UNSTIM",1,1,2022-07-01,5,3.90173148985657,19.5086574492829
0.027,"632_H","UNSTIM",1,1,2022-07-01,5,21.0693500452255,105.346750226127
0.011,"591_L","STIM",3,1,2022-07-01,5,8.58380927768446,42.9190463884223
0.008,"591_L","STIM",3,1,2022-07-01,5,6.24277038377051,31.2138519188526
0.013,"591_L","STIM",3,1,2022-07-01,5,10.1445018736271,50.7225093681354
0.037,"3E10_GFP","UNSTIM",1,1,2022-07-01,5,28.8728130249386,144.364065124693
0.021,"69","UNSTIM",1,1,2022-07-01,5,16.3872722573976,81.936361286988
0.017,"591_L","UNSTIM",1,1,2022-07-01,5,13.2658870655123,66.3294353275617
0.005,"631_H","UNSTIM",1,1,2022-07-01,5,3.90173148985657,19.5086574492829
0.027,"632_H","UNSTIM",1,1,2022-07-01,5,21.0693500452255,105.346750226127
0.01,"591_L","UNSTIM",3,1,2022-07-01,5,7.80346297971314,39.0173148985657
0.015,"591_L","UNSTIM",3,1,2022-07-01,5,11.7051944695697,58.5259723478486
0.019,"591_L","UNSTIM",3,1,2022-07-01,5,14.826579661455,74.1328983072748
0.315,"3E10_GFP","STIM",2,1,2022-07-01,5,245.809083860964,1229.04541930482
0.958,"69","STIM",2,1,2022-07-01,5,747.571753456519,3737.85876728259
0.04,"591_L","STIM",2,1,2022-07-01,5,31.2138519188526,156.069259594263
0.009,"631_H","STIM",2,1,2022-07-01,5,7.02311668174183,35.1155834087091
0.03,"632_H","STIM",2,1,2022-07-01,5,23.4103889391394,117.051944695697
0.015,"631_H","STIM",3,1,2022-07-01,5,11.7051944695697,58.5259723478486
0.005,"631_H","STIM",3,1,2022-07-01,5,3.90173148985657,19.5086574492829
0.004,"631_H","STIM",3,1,2022-07-01,5,3.12138519188526,15.6069259594263
0.29,"3E10_GFP","STIM",2,1,2022-07-01,5,226.300426411681,1131.50213205841
0.916,"69","STIM",2,1,2022-07-01,5,714.797208941724,3573.98604470862
0.026,"591_L","STIM",2,1,2022-07-01,5,20.2890037472542,101.445018736271
0.006,"631_H","STIM",2,1,2022-07-01,5,4.68207778782789,23.4103889391394
0.022,"632_H","STIM",2,1,2022-07-01,5,17.1676185553689,85.8380927768445
0.006,"631_H","UNSTIM",3,1,2022-07-01,5,4.68207778782789,23.4103889391394
0.009,"631_H","UNSTIM",3,1,2022-07-01,5,7.02311668174183,35.1155834087091
0.01,"631_H","UNSTIM",3,1,2022-07-01,5,7.80346297971314,39.0173148985657
0.274,"3E10_GFP","STIM",2,1,2022-07-01,5,213.81488564414,1069.0744282207
0.906,"69","STIM",2,1,2022-07-01,5,706.993745962011,3534.96872981005
0.023,"591_L","STIM",2,1,2022-07-01,5,17.9479648533402,89.7398242667011
0.015,"631_H","STIM",2,1,2022-07-01,5,11.7051944695697,58.5259723478486
0.024,"632_H","STIM",2,1,2022-07-01,5,18.7283111513115,93.6415557565577
0.015,"632_H","STIM",3,1,2022-07-01,5,11.7051944695697,58.5259723478486
0.011,"632_H","STIM",3,1,2022-07-01,5,8.58380927768446,42.9190463884223
0.014,"632_H","STIM",3,1,2022-07-01,5,10.9248481715984,54.624240857992
0.022,"3E10_GFP","UNSTIM",2,1,2022-07-01,5,17.1676185553689,85.8380927768445
0.021,"69","UNSTIM",2,1,2022-07-01,5,16.3872722573976,81.936361286988
0.025,"591_L","UNSTIM",2,1,2022-07-01,5,19.5086574492829,97.5432872464143
0.007,"631_H","UNSTIM",2,1,2022-07-01,5,5.4624240857992,27.312120428996
0.029,"632_H","UNSTIM",2,1,2022-07-01,5,22.6300426411681,113.150213205841
0.013,"632_H","UNSTIM",3,1,2022-07-01,5,10.1445018736271,50.7225093681354
0.01,"632_H","UNSTIM",3,1,2022-07-01,5,7.80346297971314,39.0173148985657
0.002,"632_H","UNSTIM",3,1,2022-07-01,5,1.56069259594263,7.80346297971314
0.026,"3E10_GFP","UNSTIM",2,1,2022-07-01,5,20.2890037472542,101.445018736271
0.025,"69","UNSTIM",2,1,2022-07-01,5,19.5086574492829,97.5432872464143
0.025,"591_L","UNSTIM",2,1,2022-07-01,5,19.5086574492829,97.5432872464143
-0.003,"631_H","UNSTIM",2,1,2022-07-01,5,-2.34103889391394,-11.7051944695697
0.029,"632_H","UNSTIM",2,1,2022-07-01,5,22.6300426411681,113.150213205841
0.033,"3E10_GFP","UNSTIM",2,1,2022-07-01,5,25.7514278330534,128.757139165267
0.029,"69","UNSTIM",2,1,2022-07-01,5,22.6300426411681,113.150213205841
0.024,"591_L","UNSTIM",2,1,2022-07-01,5,18.7283111513115,93.6415557565577
0.008,"631_H","UNSTIM",2,1,2022-07-01,5,6.24277038377051,31.2138519188526
0.024,"632_H","UNSTIM",2,1,2022-07-01,5,18.7283111513115,93.6415557565577
-0.044,"BDLD_27_E","STIM",1,1,2023-05-04,5,-28.5212844089077,-142.606422044539
-0.097,"BDLD_50_E","STIM",1,1,2023-05-04,5,-62.8764679014556,-314.382339507278
-0.098,"BDLD_14_E","STIM",1,1,2023-05-04,5,-63.524678910749,-317.623394553745
0.529,"3E10_GFP","STIM",1,1,2023-05-04,5,342.903623916186,1714.51811958093
-0.081,"204_TRIPLE_KO","STIM",1,1,2023-05-04,5,-52.5050917527619,-262.52545876381
1.471,"WT_EL4","STIM",1,1,2023-05-04,5,953.518394670528,4767.59197335264
0.115,"BDLD_27_E","STIM",1,1,2023-05-04,5,74.5442660687361,372.72133034368
-0.093,"BDLD_50_E","STIM",1,1,2023-05-04,5,-60.2836238642822,-301.418119321411
-0.096,"BDLD_14_E","STIM",1,1,2023-05-04,5,-62.2282568921623,-311.141284460811
0.474,"3E10_GFP","STIM",1,1,2023-05-04,5,307.252018405051,1536.26009202526
-0.075,"204_TRIPLE_KO","STIM",1,1,2023-05-04,5,-48.6158256970018,-243.079128485009
1.381,"WT_EL4","STIM",1,1,2023-05-04,5,895.179403834126,4475.89701917063
0.032,"BDLD_27_E","STIM",1,1,2023-05-04,5,20.7427522973874,103.713761486937
-0.095,"BDLD_50_E","STIM",1,1,2023-05-04,5,-61.5800458828689,-307.900229414345
-0.098,"BDLD_14_E","STIM",1,1,2023-05-04,5,-63.524678910749,-317.623394553745
0.525,"3E10_GFP","STIM",1,1,2023-05-04,5,340.310779879012,1701.55389939506
-0.066,"204_TRIPLE_KO","STIM",1,1,2023-05-04,5,-42.7819266133616,-213.909633066808
1.332,"WT_EL4","STIM",1,1,2023-05-04,5,863.417064378751,4317.08532189376
-0.094,"BDLD_27_E","UNSTIM",1,1,2023-05-04,5,-60.9318348735756,-304.659174367878
-0.097,"BDLD_50_E","UNSTIM",1,1,2023-05-04,5,-62.8764679014556,-314.382339507278
-0.092,"BDLD_14_E","UNSTIM",1,1,2023-05-04,5,-59.6354128549888,-298.177064274944
0.011,"3E10_GFP","UNSTIM",1,1,2023-05-04,5,7.13032110222693,35.6516055111346
-0.077,"204_TRIPLE_KO","UNSTIM",1,1,2023-05-04,5,-49.9122477155885,-249.561238577942
0.07,"WT_EL4","UNSTIM",1,1,2023-05-04,5,45.374770650535,226.873853252675
0.152,"BDLD_27_E","UNSTIM",1,1,2023-05-04,5,98.5280734125902,492.640367062951
-0.098,"BDLD_50_E","UNSTIM",1,1,2023-05-04,5,-63.524678910749,-317.623394553745
-0.097,"BDLD_14_E","UNSTIM",1,1,2023-05-04,5,-62.8764679014556,-314.382339507278
-0.002,"3E10_GFP","UNSTIM",1,1,2023-05-04,5,-1.29642201858671,-6.48211009293357
-0.083,"204_TRIPLE_KO","UNSTIM",1,1,2023-05-04,5,-53.8015137713486,-269.007568856743
0.022,"WT_EL4","UNSTIM",1,1,2023-05-04,5,14.2606422044539,71.3032110222693
0.02,"BDLD_27_E","UNSTIM",1,1,2023-05-04,5,12.9642201858671,64.8211009293357
-0.092,"BDLD_50_E","UNSTIM",1,1,2023-05-04,5,-59.6354128549888,-298.177064274944
-0.096,"BDLD_14_E","UNSTIM",1,1,2023-05-04,5,-62.2282568921623,-311.141284460811
0.002,"3E10_GFP","UNSTIM",1,1,2023-05-04,5,1.29642201858671,6.48211009293357
-0.069,"204_TRIPLE_KO","UNSTIM",1,1,2023-05-04,5,-44.7265596412416,-223.632798206208
0.031,"WT_EL4","UNSTIM",1,1,2023-05-04,5,20.0945412880941,100.47270644047
0.082,"BDLD_27_E","STIM",2,1,2023-05-04,5,53.1533027620553,265.766513810276
-0.111,"BDLD_50_E","STIM",2,1,2023-05-04,5,-71.9514220315626,-359.757110157813
-0.101,"BDLD_14_E","STIM",2,1,2023-05-04,5,-65.4693119386291,-327.346559693145
-0.081,"3E10_GFP","STIM",2,1,2023-05-04,5,-52.5050917527619,-262.52545876381
-0.094,"204_TRIPLE_KO","STIM",2,1,2023-05-04,5,-60.9318348735756,-304.659174367878
0.703,"WT_EL4","STIM",2,1,2023-05-04,5,455.69233953323,2278.46169766615
0.09,"BDLD_27_E","STIM",2,1,2023-05-04,5,58.3389908364021,291.694954182011
-0.099,"BDLD_50_E","STIM",2,1,2023-05-04,5,-64.1728899200423,-320.864449600212
-0.1,"BDLD_14_E","STIM",2,1,2023-05-04,5,-64.8211009293357,-324.105504646678
-0.053,"3E10_GFP","STIM",2,1,2023-05-04,5,-34.3551834925479,-171.77591746274
-0.098,"204_TRIPLE_KO","STIM",2,1,2023-05-04,5,-63.524678910749,-317.623394553745
0.564,"WT_EL4","STIM",2,1,2023-05-04,5,365.591009241453,1827.95504620727
-0.095,"BDLD_27_E","STIM",2,1,2023-05-04,5,-61.5800458828689,-307.900229414345
-0.1,"BDLD_50_E","STIM",2,1,2023-05-04,5,-64.8211009293357,-324.105504646678
-0.1,"BDLD_14_E","STIM",2,1,2023-05-04,5,-64.8211009293357,-324.105504646678
-0.065,"3E10_GFP","STIM",2,1,2023-05-04,5,-42.1337156040682,-210.668578020341
-0.075,"204_TRIPLE_KO","STIM",2,1,2023-05-04,5,-48.6158256970018,-243.079128485009
0.687,"WT_EL4","STIM",2,1,2023-05-04,5,445.320963384536,2226.60481692268
-0.082,"BDLD_27_E","UNSTIM",2,1,2023-05-04,5,-53.1533027620553,-265.766513810276
-0.099,"BDLD_50_E","UNSTIM",2,1,2023-05-04,5,-64.1728899200423,-320.864449600212
-0.099,"BDLD_14_E","UNSTIM",2,1,2023-05-04,5,-64.1728899200423,-320.864449600212
-0.099,"3E10_GFP","UNSTIM",2,1,2023-05-04,5,-64.1728899200423,-320.864449600212
-0.103,"204_TRIPLE_KO","UNSTIM",2,1,2023-05-04,5,-66.7657339572158,-333.828669786079
-0.092,"WT_EL4","UNSTIM",2,1,2023-05-04,5,-59.6354128549888,-298.177064274944
-0.075,"BDLD_27_E","UNSTIM",2,1,2023-05-04,5,-48.6158256970018,-243.079128485009
-0.101,"BDLD_50_E","UNSTIM",2,1,2023-05-04,5,-65.4693119386291,-327.346559693145
-0.099,"BDLD_14_E","UNSTIM",2,1,2023-05-04,5,-64.1728899200423,-320.864449600212
-0.097,"3E10_GFP","UNSTIM",2,1,2023-05-04,5,-62.8764679014556,-314.382339507278
-0.102,"204_TRIPLE_KO","UNSTIM",2,1,2023-05-04,5,-66.1175229479224,-330.587614739612
-0.082,"WT_EL4","UNSTIM",2,1,2023-05-04,5,-53.1533027620553,-265.766513810276
0.129,"BDLD_27_E","UNSTIM",2,1,2023-05-04,5,83.6192201988431,418.096100994215
-0.096,"BDLD_50_E","UNSTIM",2,1,2023-05-04,5,-62.2282568921623,-311.141284460811
-0.096,"BDLD_14_E","UNSTIM",2,1,2023-05-04,5,-62.2282568921623,-311.141284460811
-0.096,"3E10_GFP","UNSTIM",2,1,2023-05-04,5,-62.2282568921623,-311.141284460811
-0.103,"204_TRIPLE_KO","UNSTIM",2,1,2023-05-04,5,-66.7657339572158,-333.828669786079
-0.088,"WT_EL4","UNSTIM",2,1,2023-05-04,5,-57.0425688178154,-285.212844089077
0.001,"BDLD_27_H","STIM",1,1,2023-05-12,10,1.01225564141243,10.1225564141243
0.004,"BDLD_50_H","STIM",1,1,2023-05-12,10,4.04902256564973,40.4902256564973
-0.006,"BDLD_14_H","STIM",1,1,2023-05-12,10,-6.07353384847459,-60.7353384847459
0.28,"3E10_GFP","STIM",1,1,2023-05-12,10,283.431579595481,2834.31579595481
0.007,"204_TRIPLE_KO","STIM",1,1,2023-05-12,10,7.08578948988702,70.8578948988702
0.003,"BDLD_27_H","STIM",1,1,2023-05-12,10,3.03676692423729,30.3676692423729
0.02,"BDLD_50_H","STIM",1,1,2023-05-12,10,20.2451128282486,202.451128282486
-0.002,"BDLD_14_H","STIM",1,1,2023-05-12,10,-2.02451128282486,-20.2451128282486
0.348,"3E10_GFP","STIM",1,1,2023-05-12,10,352.264963211526,3522.64963211526
0.006,"204_TRIPLE_KO","STIM",1,1,2023-05-12,10,6.07353384847459,60.7353384847459
0,"BDLD_27_H","STIM",1,1,2023-05-12,10,0,0
0.006,"BDLD_50_H","STIM",1,1,2023-05-12,10,6.07353384847459,60.7353384847459
0,"BDLD_14_H","STIM",1,1,2023-05-12,10,0,0
0.254,"3E10_GFP","STIM",1,1,2023-05-12,10,257.112932918758,2571.12932918758
-0.003,"204_TRIPLE_KO","STIM",1,1,2023-05-12,10,-3.03676692423729,-30.3676692423729
-0.005,"BDLD_27_H","UNSTIM",1,1,2023-05-12,10,-5.06127820706216,-50.6127820706216
0.015,"BDLD_50_H","UNSTIM",1,1,2023-05-12,10,15.1838346211865,151.838346211865
-0.006,"BDLD_14_H","UNSTIM",1,1,2023-05-12,10,-6.07353384847459,-60.7353384847459
0.013,"3E10_GFP","UNSTIM",1,1,2023-05-12,10,13.1593233383616,131.593233383616
-0.004,"204_TRIPLE_KO","UNSTIM",1,1,2023-05-12,10,-4.04902256564973,-40.4902256564973
-0.004,"BDLD_27_H","UNSTIM",1,1,2023-05-12,10,-4.04902256564973,-40.4902256564973
-0.002,"BDLD_50_H","UNSTIM",1,1,2023-05-12,10,-2.02451128282486,-20.2451128282486
-0.005,"BDLD_14_H","UNSTIM",1,1,2023-05-12,10,-5.06127820706216,-50.6127820706216
0.016,"3E10_GFP","UNSTIM",1,1,2023-05-12,10,16.1960902625989,161.960902625989
-0.004,"204_TRIPLE_KO","UNSTIM",1,1,2023-05-12,10,-4.04902256564973,-40.4902256564973
0.001,"BDLD_27_H","UNSTIM",1,1,2023-05-12,10,1.01225564141243,10.1225564141243
-0.002,"BDLD_50_H","UNSTIM",1,1,2023-05-12,10,-2.02451128282486,-20.2451128282486
0,"BDLD_14_H","UNSTIM",1,1,2023-05-12,10,0,0
0.018,"3E10_GFP","UNSTIM",1,1,2023-05-12,10,18.2206015454238,182.206015454238
1e-04,"204_TRIPLE_KO","UNSTIM",1,1,2023-05-12,10,0.101225564141243,1.01225564141243
0.001,"BDLD_27_H","STIM",2,1,2023-05-12,10,1.01225564141243,10.1225564141243
-0.004,"BDLD_50_H","STIM",2,1,2023-05-12,10,-4.04902256564973,-40.4902256564973
-0.001,"BDLD_14_H","STIM",2,1,2023-05-12,10,-1.01225564141243,-10.1225564141243
0.137,"3E10_GFP","STIM",2,1,2023-05-12,10,138.679022873503,1386.79022873503
-0.002,"204_TRIPLE_KO","STIM",2,1,2023-05-12,10,-2.02451128282486,-20.2451128282486
0.004,"BDLD_27_H","STIM",2,1,2023-05-12,10,4.04902256564973,40.4902256564973
-0.002,"BDLD_50_H","STIM",2,1,2023-05-12,10,-2.02451128282486,-20.2451128282486
-0.005,"BDLD_14_H","STIM",2,1,2023-05-12,10,-5.06127820706216,-50.6127820706216
0.118,"3E10_GFP","STIM",2,1,2023-05-12,10,119.446165686667,1194.46165686667
0.001,"204_TRIPLE_KO","STIM",2,1,2023-05-12,10,1.01225564141243,10.1225564141243
0.003,"BDLD_27_H","STIM",2,1,2023-05-12,10,3.03676692423729,30.3676692423729
-0.004,"BDLD_50_H","STIM",2,1,2023-05-12,10,-4.04902256564973,-40.4902256564973
-0.006,"BDLD_14_H","STIM",2,1,2023-05-12,10,-6.07353384847459,-60.7353384847459
0.081,"3E10_GFP","STIM",2,1,2023-05-12,10,81.9927069544069,819.927069544069
-0.001,"204_TRIPLE_KO","STIM",2,1,2023-05-12,10,-1.01225564141243,-10.1225564141243
0,"BDLD_27_H","UNSTIM",2,1,2023-05-12,10,0,0
0.001,"BDLD_50_H","UNSTIM",2,1,2023-05-12,10,1.01225564141243,10.1225564141243
-0.005,"BDLD_14_H","UNSTIM",2,1,2023-05-12,10,-5.06127820706216,-50.6127820706216
0.005,"3E10_GFP","UNSTIM",2,1,2023-05-12,10,5.06127820706216,50.6127820706216
0,"204_TRIPLE_KO","UNSTIM",2,1,2023-05-12,10,0,0
-0.003,"BDLD_27_H","UNSTIM",2,1,2023-05-12,10,-3.03676692423729,-30.3676692423729
-0.001,"BDLD_50_H","UNSTIM",2,1,2023-05-12,10,-1.01225564141243,-10.1225564141243
-0.001,"BDLD_14_H","UNSTIM",2,1,2023-05-12,10,-1.01225564141243,-10.1225564141243
0.002,"3E10_GFP","UNSTIM",2,1,2023-05-12,10,2.02451128282486,20.2451128282486
-0.004,"204_TRIPLE_KO","UNSTIM",2,1,2023-05-12,10,-4.04902256564973,-40.4902256564973
0.001,"BDLD_27_H","UNSTIM",2,1,2023-05-12,10,1.01225564141243,10.1225564141243
0,"BDLD_50_H","UNSTIM",2,1,2023-05-12,10,0,0
-0.001,"BDLD_14_H","UNSTIM",2,1,2023-05-12,10,-1.01225564141243,-10.1225564141243
0.006,"3E10_GFP","UNSTIM",2,1,2023-05-12,10,6.07353384847459,60.7353384847459
0.015,"204_TRIPLE_KO","UNSTIM",2,1,2023-05-12,10,15.1838346211865,151.838346211865
0.015,"BDLD_27_H","STIM",1,1,2023-05-29,10,5.83590153416129,58.3590153416129
0.01,"BDLD_50_H","STIM",1,1,2023-05-29,10,3.8906010227742,38.906010227742
0.009,"BDLD_14_H","STIM",1,1,2023-05-29,10,3.50154092049678,35.0154092049678
0.134,"3E10_GFP","STIM",1,1,2023-05-29,10,52.1340537051742,521.340537051742
0.014,"204_TRIPLE_KO","STIM",1,1,2023-05-29,10,5.44684143188387,54.4684143188387
0.572,"WT_EL4","STIM",1,1,2023-05-29,10,222.542378502684,2225.42378502684
0.013,"BDLD_13_H","STIM",1,1,2023-05-29,10,5.05778132960645,50.5778132960645
0.006,"BDLD_27_H","STIM",1,1,2023-05-29,10,2.33436061366452,23.3436061366452
0.016,"BDLD_50_H","STIM",1,1,2023-05-29,10,6.22496163643871,62.2496163643871
0.009,"BDLD_14_H","STIM",1,1,2023-05-29,10,3.50154092049678,35.0154092049678
0.121,"3E10_GFP","STIM",1,1,2023-05-29,10,47.0762723755678,470.762723755678
0.012,"204_TRIPLE_KO","STIM",1,1,2023-05-29,10,4.66872122732904,46.6872122732904
0.427,"WT_EL4","STIM",1,1,2023-05-29,10,166.128663672458,1661.28663672458
0.009,"BDLD_13_H","STIM",1,1,2023-05-29,10,3.50154092049678,35.0154092049678
0.009,"BDLD_27_H","STIM",1,1,2023-05-29,10,3.50154092049678,35.0154092049678
0.004,"BDLD_50_H","STIM",1,1,2023-05-29,10,1.55624040910968,15.5624040910968
0.008,"BDLD_14_H","STIM",1,1,2023-05-29,10,3.11248081821936,31.1248081821936
0.116,"3E10_GFP","STIM",1,1,2023-05-29,10,45.1309718641807,451.309718641807
0.009,"204_TRIPLE_KO","STIM",1,1,2023-05-29,10,3.50154092049678,35.0154092049678
0.492,"WT_EL4","STIM",1,1,2023-05-29,10,191.41757032049,1914.1757032049
0.01,"BDLD_13_H","STIM",1,1,2023-05-29,10,3.8906010227742,38.906010227742
0.008,"BDLD_27_H","UNSTIM",1,1,2023-05-29,10,3.11248081821936,31.1248081821936
0.005,"BDLD_50_H","UNSTIM",1,1,2023-05-29,10,1.9453005113871,19.453005113871
0.008,"BDLD_14_H","UNSTIM",1,1,2023-05-29,10,3.11248081821936,31.1248081821936
0.026,"3E10_GFP","UNSTIM",1,1,2023-05-29,10,10.1155626592129,101.155626592129
0.029,"204_TRIPLE_KO","UNSTIM",1,1,2023-05-29,10,11.2827429660452,112.827429660452
0.02,"WT_EL4","UNSTIM",1,1,2023-05-29,10,7.78120204554839,77.8120204554839
0.013,"BDLD_13_H","UNSTIM",1,1,2023-05-29,10,5.05778132960645,50.5778132960645
0.01,"BDLD_27_H","UNSTIM",1,1,2023-05-29,10,3.8906010227742,38.906010227742
0.003,"BDLD_50_H","UNSTIM",1,1,2023-05-29,10,1.16718030683226,11.6718030683226
0.011,"BDLD_14_H","UNSTIM",1,1,2023-05-29,10,4.27966112505162,42.7966112505162
0.019,"3E10_GFP","UNSTIM",1,1,2023-05-29,10,7.39214194327097,73.9214194327097
0.012,"204_TRIPLE_KO","UNSTIM",1,1,2023-05-29,10,4.66872122732904,46.6872122732904
0.036,"WT_EL4","UNSTIM",1,1,2023-05-29,10,14.0061636819871,140.061636819871
0.018,"BDLD_13_H","UNSTIM",1,1,2023-05-29,10,7.00308184099355,70.0308184099355
0.011,"BDLD_27_H","UNSTIM",1,1,2023-05-29,10,4.27966112505162,42.7966112505162
0.007,"BDLD_50_H","UNSTIM",1,1,2023-05-29,10,2.72342071594194,27.2342071594194
0.01,"BDLD_14_H","UNSTIM",1,1,2023-05-29,10,3.8906010227742,38.906010227742
0.027,"3E10_GFP","UNSTIM",1,1,2023-05-29,10,10.5046227614903,105.046227614903
0.015,"204_TRIPLE_KO","UNSTIM",1,1,2023-05-29,10,5.83590153416129,58.3590153416129
0.028,"WT_EL4","UNSTIM",1,1,2023-05-29,10,10.8936828637677,108.936828637677
0.016,"BDLD_13_H","UNSTIM",1,1,2023-05-29,10,6.22496163643871,62.2496163643871
-0.002,"BDLD_62_H","STIM",1,1,2023-06-21,10,-0.679174716029651,-6.79174716029651
-0.002,"BDLD_10_H","STIM",1,1,2023-06-21,10,-0.679174716029651,-6.79174716029651
0.114,"3E10_GFP","STIM",1,1,2023-06-21,10,38.7129588136901,387.129588136901
0.002,"204_TRIPLE_KO","STIM",1,1,2023-06-21,10,0.679174716029651,6.79174716029651
0.193,"BDLD_57_H","STIM",1,1,2023-06-21,10,65.5403600968613,655.403600968613
-0.002,"BDLD_2_H","STIM",1,1,2023-06-21,10,-0.679174716029651,-6.79174716029651
0.001,"BDLD_62_H","STIM",1,1,2023-06-21,10,0.339587358014825,3.39587358014825
0.002,"BDLD_10_H","STIM",1,1,2023-06-21,10,0.679174716029651,6.79174716029651
0.156,"3E10_GFP","STIM",1,1,2023-06-21,10,52.9756278503127,529.756278503128
0.001,"204_TRIPLE_KO","STIM",1,1,2023-06-21,10,0.339587358014825,3.39587358014825
0.21,"BDLD_57_H","STIM",1,1,2023-06-21,10,71.3133451831133,713.133451831133
0.001,"BDLD_2_H","STIM",1,1,2023-06-21,10,0.339587358014825,3.39587358014825
0.003,"BDLD_62_H","STIM",1,1,2023-06-21,10,1.01876207404448,10.1876207404448
0.005,"BDLD_10_H","STIM",1,1,2023-06-21,10,1.69793679007413,16.9793679007413
0.123,"3E10_GFP","STIM",1,1,2023-06-21,10,41.7692450358235,417.692450358235
0.037,"204_TRIPLE_KO","STIM",1,1,2023-06-21,10,12.5647322465485,125.647322465485
0.188,"BDLD_57_H","STIM",1,1,2023-06-21,10,63.8424233067872,638.424233067872
0.003,"BDLD_2_H","STIM",1,1,2023-06-21,10,1.01876207404448,10.1876207404448
0.003,"BDLD_62_H","UNSTIM",1,1,2023-06-21,10,1.01876207404448,10.1876207404448
0.005,"BDLD_10_H","UNSTIM",1,1,2023-06-21,10,1.69793679007413,16.9793679007413
0.013,"3E10_GFP","UNSTIM",1,1,2023-06-21,10,4.41463565419273,44.1463565419273
0.005,"204_TRIPLE_KO","UNSTIM",1,1,2023-06-21,10,1.69793679007413,16.9793679007413
0.016,"BDLD_57_H","UNSTIM",1,1,2023-06-21,10,5.43339772823721,54.333977282372
0.004,"BDLD_2_H","UNSTIM",1,1,2023-06-21,10,1.3583494320593,13.583494320593
0.024,"BDLD_62_H","UNSTIM",1,1,2023-06-21,10,8.15009659235581,81.5009659235581
0.001,"BDLD_10_H","UNSTIM",1,1,2023-06-21,10,0.339587358014825,3.39587358014825
0.013,"3E10_GFP","UNSTIM",1,1,2023-06-21,10,4.41463565419273,44.1463565419273
0,"204_TRIPLE_KO","UNSTIM",1,1,2023-06-21,10,0,0
0.014,"BDLD_57_H","UNSTIM",1,1,2023-06-21,10,4.75422301220755,47.5422301220755
0.006,"BDLD_2_H","UNSTIM",1,1,2023-06-21,10,2.03752414808895,20.3752414808895
0.009,"BDLD_62_H","UNSTIM",1,1,2023-06-21,10,3.05628622213343,30.5628622213343
0.004,"BDLD_10_H","UNSTIM",1,1,2023-06-21,10,1.3583494320593,13.583494320593
0.019,"3E10_GFP","UNSTIM",1,1,2023-06-21,10,6.45215980228168,64.5215980228168
0.001,"204_TRIPLE_KO","UNSTIM",1,1,2023-06-21,10,0.339587358014825,3.39587358014825
0.013,"BDLD_57_H","UNSTIM",1,1,2023-06-21,10,4.41463565419273,44.1463565419273
0,"BDLD_2_H","UNSTIM",1,1,2023-06-21,10,0,0
0.003,"BDLD_62_H","STIM",2,1,2023-06-21,10,1.01876207404448,10.1876207404448
0,"BDLD_10_H","STIM",2,1,2023-06-21,10,0,0
0.206,"3E10_GFP","STIM",2,1,2023-06-21,10,69.954995751054,699.54995751054
0.004,"204_TRIPLE_KO","STIM",2,1,2023-06-21,10,1.3583494320593,13.583494320593
0.119,"BDLD_57_H","STIM",2,1,2023-06-21,10,40.4108956037642,404.108956037642
0.016,"BDLD_2_H","STIM",2,1,2023-06-21,10,5.43339772823721,54.333977282372
0.01,"BDLD_62_H","STIM",2,1,2023-06-21,10,3.39587358014825,33.9587358014825
0.005,"BDLD_10_H","STIM",2,1,2023-06-21,10,1.69793679007413,16.9793679007413
0.183,"3E10_GFP","STIM",2,1,2023-06-21,10,62.144486516713,621.44486516713
0.002,"204_TRIPLE_KO","STIM",2,1,2023-06-21,10,0.679174716029651,6.79174716029651
0.104,"BDLD_57_H","STIM",2,1,2023-06-21,10,35.3170852335418,353.170852335418
0.001,"BDLD_2_H","STIM",2,1,2023-06-21,10,0.339587358014825,3.39587358014825
-0.004,"BDLD_62_H","STIM",2,1,2023-06-21,10,-1.3583494320593,-13.583494320593
0.003,"BDLD_10_H","STIM",2,1,2023-06-21,10,1.01876207404448,10.1876207404448
0.161,"3E10_GFP","STIM",2,1,2023-06-21,10,54.6735646403869,546.735646403869
0.002,"204_TRIPLE_KO","STIM",2,1,2023-06-21,10,0.679174716029651,6.79174716029651
0.096,"BDLD_57_H","STIM",2,1,2023-06-21,10,32.6003863694232,326.003863694232
0.002,"BDLD_2_H","STIM",2,1,2023-06-21,10,0.679174716029651,6.79174716029651
-0.005,"BDLD_62_H","UNSTIM",2,1,2023-06-21,10,-1.69793679007413,-16.9793679007413
0.003,"BDLD_10_H","UNSTIM",2,1,2023-06-21,10,1.01876207404448,10.1876207404448
0.019,"3E10_GFP","UNSTIM",2,1,2023-06-21,10,6.45215980228168,64.5215980228168
0.001,"204_TRIPLE_KO","UNSTIM",2,1,2023-06-21,10,0.339587358014825,3.39587358014825
0.007,"BDLD_57_H","UNSTIM",2,1,2023-06-21,10,2.37711150610378,23.7711150610378
0.005,"BDLD_2_H","UNSTIM",2,1,2023-06-21,10,1.69793679007413,16.9793679007413
-0.001,"BDLD_62_H","UNSTIM",2,1,2023-06-21,10,-0.339587358014825,-3.39587358014825
0.003,"BDLD_10_H","UNSTIM",2,1,2023-06-21,10,1.01876207404448,10.1876207404448
0.015,"3E10_GFP","UNSTIM",2,1,2023-06-21,10,5.09381037022238,50.9381037022238
0.004,"204_TRIPLE_KO","UNSTIM",2,1,2023-06-21,10,1.3583494320593,13.583494320593
0.011,"BDLD_57_H","UNSTIM",2,1,2023-06-21,10,3.73546093816308,37.3546093816308
0.002,"BDLD_2_H","UNSTIM",2,1,2023-06-21,10,0.679174716029651,6.79174716029651
-0.006,"BDLD_62_H","UNSTIM",2,1,2023-06-21,10,-2.03752414808895,-20.3752414808895
-0.001,"BDLD_10_H","UNSTIM",2,1,2023-06-21,10,-0.339587358014825,-3.39587358014825
0.019,"3E10_GFP","UNSTIM",2,1,2023-06-21,10,6.45215980228168,64.5215980228168
0.001,"204_TRIPLE_KO","UNSTIM",2,1,2023-06-21,10,0.339587358014825,3.39587358014825
0.002,"BDLD_57_H","UNSTIM",2,1,2023-06-21,10,0.679174716029651,6.79174716029651
-0.002,"BDLD_2_H","UNSTIM",2,1,2023-06-21,10,-0.679174716029651,-6.79174716029651
0.029,"BDLD_7","STIM",1,1,2023-07-04,10,7.34602841648174,73.4602841648174
0.029,"BDLD_46","STIM",1,1,2023-07-04,10,7.34602841648174,73.4602841648174
0.029,"BDLD_69","STIM",1,1,2023-07-04,10,7.34602841648174,73.4602841648174
0.029,"BDLD_73","STIM",1,1,2023-07-04,10,7.34602841648174,73.4602841648174
0.401,"3E10_GFP","STIM",1,1,2023-07-04,10,101.577841207213,1015.77841207213
0.024,"204_TRIPLE_KO","STIM",1,1,2023-07-04,10,6.0794717929504,60.794717929504
0.029,"BDLD_7","STIM",1,1,2023-07-04,10,7.34602841648174,73.4602841648174
0.037,"BDLD_46","STIM",1,1,2023-07-04,10,9.37251901413187,93.7251901413187
0.027,"BDLD_69","STIM",1,1,2023-07-04,10,6.8394057670692,68.394057670692
0.031,"BDLD_73","STIM",1,1,2023-07-04,10,7.85265106589427,78.5265106589427
0.464,"3E10_GFP","STIM",1,1,2023-07-04,10,117.536454663708,1175.36454663708
0.026,"204_TRIPLE_KO","STIM",1,1,2023-07-04,10,6.58609444236294,65.8609444236294
0.026,"BDLD_7","STIM",1,1,2023-07-04,10,6.58609444236294,65.8609444236294
0.023,"BDLD_46","STIM",1,1,2023-07-04,10,5.82616046824414,58.2616046824414
0.016,"BDLD_69","STIM",1,1,2023-07-04,10,4.05298119530027,40.5298119530027
0.032,"BDLD_73","STIM",1,1,2023-07-04,10,8.10596239060054,81.0596239060054
0.467,"3E10_GFP","STIM",1,1,2023-07-04,10,118.296388637827,1182.96388637827
0.026,"204_TRIPLE_KO","STIM",1,1,2023-07-04,10,6.58609444236294,65.8609444236294
0.032,"BDLD_7","UNSTIM",1,1,2023-07-04,10,8.10596239060054,81.0596239060054
0.029,"BDLD_46","UNSTIM",1,1,2023-07-04,10,7.34602841648174,73.4602841648174
0.03,"BDLD_69","UNSTIM",1,1,2023-07-04,10,7.599339741188,75.99339741188
0.039,"BDLD_73","UNSTIM",1,1,2023-07-04,10,9.87914166354441,98.7914166354441
0.051,"3E10_GFP","UNSTIM",1,1,2023-07-04,10,12.9188775600196,129.188775600196
0.023,"204_TRIPLE_KO","UNSTIM",1,1,2023-07-04,10,5.82616046824414,58.2616046824414
0.02,"BDLD_7","UNSTIM",1,1,2023-07-04,10,5.06622649412534,50.6622649412534
0.02,"BDLD_46","UNSTIM",1,1,2023-07-04,10,5.06622649412534,50.6622649412534
0.022,"BDLD_69","UNSTIM",1,1,2023-07-04,10,5.57284914353787,55.7284914353787
0.024,"BDLD_73","UNSTIM",1,1,2023-07-04,10,6.0794717929504,60.794717929504
0.044,"3E10_GFP","UNSTIM",1,1,2023-07-04,10,11.1456982870757,111.456982870757
0.024,"204_TRIPLE_KO","UNSTIM",1,1,2023-07-04,10,6.0794717929504,60.794717929504
0.027,"BDLD_7","UNSTIM",1,1,2023-07-04,10,6.8394057670692,68.394057670692
0.019,"BDLD_46","UNSTIM",1,1,2023-07-04,10,4.81291516941907,48.1291516941907
0.023,"BDLD_69","UNSTIM",1,1,2023-07-04,10,5.82616046824414,58.2616046824414
0.023,"BDLD_73","UNSTIM",1,1,2023-07-04,10,5.82616046824414,58.2616046824414
0.052,"3E10_GFP","UNSTIM",1,1,2023-07-04,10,13.1721888847259,131.721888847259
0.021,"204_TRIPLE_KO","UNSTIM",1,1,2023-07-04,10,5.3195378188316,53.195378188316
0.013,"BDLD_7","STIM",2,1,2023-07-04,10,3.29304722118147,32.9304722118147
0.02,"BDLD_46","STIM",2,1,2023-07-04,10,5.06622649412534,50.6622649412534
0.016,"BDLD_69","STIM",2,1,2023-07-04,10,4.05298119530027,40.5298119530027
0.021,"BDLD_73","STIM",2,1,2023-07-04,10,5.3195378188316,53.195378188316
0.265,"3E10_GFP","STIM",2,1,2023-07-04,10,67.1275010471607,671.275010471607
0.012,"204_TRIPLE_KO","STIM",2,1,2023-07-04,10,3.0397358964752,30.397358964752
0.016,"BDLD_7","STIM",2,1,2023-07-04,10,4.05298119530027,40.5298119530027
0.029,"BDLD_46","STIM",2,1,2023-07-04,10,7.34602841648174,73.4602841648174
0.013,"BDLD_69","STIM",2,1,2023-07-04,10,3.29304722118147,32.9304722118147
0.023,"BDLD_73","STIM",2,1,2023-07-04,10,5.82616046824414,58.2616046824414
0.305,"3E10_GFP","STIM",2,1,2023-07-04,10,77.2599540354114,772.599540354114
0.015,"204_TRIPLE_KO","STIM",2,1,2023-07-04,10,3.799669870594,37.99669870594
0.012,"BDLD_7","STIM",2,1,2023-07-04,10,3.0397358964752,30.397358964752
0.018,"BDLD_46","STIM",2,1,2023-07-04,10,4.5596038447128,45.596038447128
0.008,"BDLD_69","STIM",2,1,2023-07-04,10,2.02649059765013,20.2649059765013
0.016,"BDLD_73","STIM",2,1,2023-07-04,10,4.05298119530027,40.5298119530027
0.406,"3E10_GFP","STIM",2,1,2023-07-04,10,102.844397830744,1028.44397830744
0.011,"204_TRIPLE_KO","STIM",2,1,2023-07-04,10,2.78642457176893,27.8642457176893
0.015,"BDLD_7","UNSTIM",2,1,2023-07-04,10,3.799669870594,37.99669870594
0.012,"BDLD_46","UNSTIM",2,1,2023-07-04,10,3.0397358964752,30.397358964752
0.015,"BDLD_69","UNSTIM",2,1,2023-07-04,10,3.799669870594,37.99669870594
0.009,"BDLD_73","UNSTIM",2,1,2023-07-04,10,2.2798019223564,22.798019223564
0.041,"3E10_GFP","UNSTIM",2,1,2023-07-04,10,10.3857643129569,103.857643129569
0.012,"204_TRIPLE_KO","UNSTIM",2,1,2023-07-04,10,3.0397358964752,30.397358964752
0.013,"BDLD_7","UNSTIM",2,1,2023-07-04,10,3.29304722118147,32.9304722118147
0.016,"BDLD_46","UNSTIM",2,1,2023-07-04,10,4.05298119530027,40.5298119530027
0.013,"BDLD_69","UNSTIM",2,1,2023-07-04,10,3.29304722118147,32.9304722118147
0.008,"BDLD_73","UNSTIM",2,1,2023-07-04,10,2.02649059765013,20.2649059765013
0.041,"3E10_GFP","UNSTIM",2,1,2023-07-04,10,10.3857643129569,103.857643129569
0.006,"204_TRIPLE_KO","UNSTIM",2,1,2023-07-04,10,1.5198679482376,15.198679482376
0.01,"BDLD_7","UNSTIM",2,1,2023-07-04,10,2.53311324706267,25.3311324706267
0.006,"BDLD_46","UNSTIM",2,1,2023-07-04,10,1.5198679482376,15.198679482376
0.012,"BDLD_69","UNSTIM",2,1,2023-07-04,10,3.0397358964752,30.397358964752
0.007,"BDLD_73","UNSTIM",2,1,2023-07-04,10,1.77317927294387,17.7317927294387
0.031,"3E10_GFP","UNSTIM",2,1,2023-07-04,10,7.85265106589427,78.5265106589427
0.005,"204_TRIPLE_KO","UNSTIM",2,1,2023-07-04,10,1.26655662353133,12.6655662353133
0.331,"3E10_GFP","STIM",3,2,2022-06-23,5,272.479030864207,1362.39515432104
0.863,"69","STIM",3,2,2022-06-23,5,710.421159020577,3552.10579510289
0.429,"590_L","STIM",3,2,2022-06-23,5,353.152580787749,1765.76290393875
0.23,"614_H","STIM",3,2,2022-06-23,5,189.335882473618,946.679412368092
0.185,"614_L","STIM",3,2,2022-06-23,5,152.29190546791,761.459527339552
0.012,"T6BD_H","STIM",3,2,2022-06-23,5,9.87839386818879,49.3919693409439
0.008,"T6BD_L","STIM",3,2,2022-06-23,5,6.58559591212586,32.9279795606293
0.266,"3E10_GFP","STIM",3,2,2022-06-23,5,218.971064078185,1094.85532039092
0.847,"69","STIM",3,2,2022-06-23,5,697.249967196325,3486.24983598163
0.426,"590_L","STIM",3,2,2022-06-23,5,350.682982320702,1753.41491160351
0.234,"614_H","STIM",3,2,2022-06-23,5,192.628680429681,963.143402148407
0.16,"614_L","STIM",3,2,2022-06-23,5,131.711918242517,658.559591212586
0.005,"T6BD_H","STIM",3,2,2022-06-23,5,4.11599744507866,20.5799872253933
0.01,"T6BD_L","STIM",3,2,2022-06-23,5,8.23199489015732,41.1599744507866
0.254,"3E10_GFP","STIM",3,2,2022-06-23,5,209.092670209996,1045.46335104998
0.831,"69","STIM",3,2,2022-06-23,5,684.078775372074,3420.39387686037
0.406,"590_L","STIM",3,2,2022-06-23,5,334.218992540387,1671.09496270194
0.208,"614_H","STIM",3,2,2022-06-23,5,171.225493715272,856.127468576362
0.158,"614_L","STIM",3,2,2022-06-23,5,130.065519264486,650.327596322429
0.006,"T6BD_H","STIM",3,2,2022-06-23,5,4.93919693409439,24.695984670472
0.008,"T6BD_L","STIM",3,2,2022-06-23,5,6.58559591212586,32.9279795606293
0.02,"3E10_GFP","UNSTIM",3,2,2022-06-23,5,16.4639897803146,82.3199489015732
0.033,"69","UNSTIM",3,2,2022-06-23,5,27.1655831375192,135.827915687596
0.01,"590_L","UNSTIM",3,2,2022-06-23,5,8.23199489015732,41.1599744507866
0.084,"614_H","UNSTIM",3,2,2022-06-23,5,69.1487570773215,345.743785386608
0.058,"614_L","UNSTIM",3,2,2022-06-23,5,47.7455703629125,238.727851814562
0.008,"T6BD_H","UNSTIM",3,2,2022-06-23,5,6.58559591212586,32.9279795606293
0.005,"T6BD_L","UNSTIM",3,2,2022-06-23,5,4.11599744507866,20.5799872253933
0.016,"3E10_GFP","UNSTIM",3,2,2022-06-23,5,13.1711918242517,65.8559591212586
0.012,"69","UNSTIM",3,2,2022-06-23,5,9.87839386818879,49.3919693409439
0.021,"590_L","UNSTIM",3,2,2022-06-23,5,17.2871892693304,86.4359463466519
0.109,"614_H","UNSTIM",3,2,2022-06-23,5,89.7287443027148,448.643721513574
0.048,"614_L","UNSTIM",3,2,2022-06-23,5,39.5135754727552,197.567877363776
0.008,"T6BD_H","UNSTIM",3,2,2022-06-23,5,6.58559591212586,32.9279795606293
0.004,"T6BD_L","UNSTIM",3,2,2022-06-23,5,3.29279795606293,16.4639897803146
0.025,"3E10_GFP","UNSTIM",3,2,2022-06-23,5,20.5799872253933,102.899936126967
0.03,"69","UNSTIM",3,2,2022-06-23,5,24.695984670472,123.47992335236
0.015,"590_L","UNSTIM",3,2,2022-06-23,5,12.347992335236,61.7399616761799
0.088,"614_H","UNSTIM",3,2,2022-06-23,5,72.4415550333844,362.207775166922
0.053,"614_L","UNSTIM",3,2,2022-06-23,5,43.6295729178338,218.147864589169
0.004,"T6BD_H","UNSTIM",3,2,2022-06-23,5,3.29279795606293,16.4639897803146
0.005,"T6BD_L","UNSTIM",3,2,2022-06-23,5,4.11599744507866,20.5799872253933
-0.16,"BDLD_27_E","STIM",3,2,2023-05-04,5,-152.336339058148,-761.681695290741
-0.189,"BDLD_50_E","STIM",3,2,2023-05-04,5,-179.947300512438,-899.736502562188
-0.188,"BDLD_14_E","STIM",3,2,2023-05-04,5,-178.995198393324,-894.975991966621
-0.003,"3E10_GFP","STIM",3,2,2023-05-04,5,-2.85630635734028,-14.2815317867014
-0.196,"204_TRIPLE_KO","STIM",3,2,2023-05-04,5,-186.612015346232,-933.060076731158
0.964,"WT_EL4","STIM",3,2,2023-05-04,5,917.826442825343,4589.13221412671
-0.021,"BDLD_27_E","STIM",3,2,2023-05-04,5,-19.9941445013819,-99.9707225069098
-0.201,"BDLD_50_E","STIM",3,2,2023-05-04,5,-191.372525941799,-956.862629708993
-0.198,"BDLD_14_E","STIM",3,2,2023-05-04,5,-188.516219584458,-942.581097922292
-0.052,"3E10_GFP","STIM",3,2,2023-05-04,5,-49.5093101938982,-247.546550969491
-0.189,"204_TRIPLE_KO","STIM",3,2,2023-05-04,5,-179.947300512438,-899.736502562188
0.871,"WT_EL4","STIM",3,2,2023-05-04,5,829.280945747794,4146.40472873897
-0.141,"BDLD_27_E","STIM",3,2,2023-05-04,5,-134.246398794993,-671.231993974965
-0.196,"BDLD_50_E","STIM",3,2,2023-05-04,5,-186.612015346232,-933.060076731158
-0.182,"BDLD_14_E","STIM",3,2,2023-05-04,5,-173.282585678644,-866.412928393218
0.054,"3E10_GFP","STIM",3,2,2023-05-04,5,51.413514432125,257.067572160625
-0.199,"204_TRIPLE_KO","STIM",3,2,2023-05-04,5,-189.468321703572,-947.341608517859
1.335,"WT_EL4","STIM",3,2,2023-05-04,5,1271.05632901642,6355.28164508212
-0.187,"BDLD_27_E","UNSTIM",3,2,2023-05-04,5,-178.043096274211,-890.215481371053
-0.202,"BDLD_50_E","UNSTIM",3,2,2023-05-04,5,-192.324628060912,-961.62314030456
-0.2,"BDLD_14_E","UNSTIM",3,2,2023-05-04,5,-190.420423822685,-952.102119113426
-0.19,"3E10_GFP","UNSTIM",3,2,2023-05-04,5,-180.899402631551,-904.497013157755
-0.196,"204_TRIPLE_KO","UNSTIM",3,2,2023-05-04,5,-186.612015346232,-933.060076731158
-0.127,"WT_EL4","UNSTIM",3,2,2023-05-04,5,-120.916969127405,-604.584845637026
0.117,"BDLD_27_E","UNSTIM",3,2,2023-05-04,5,111.395947936271,556.979739681354
-0.191,"BDLD_50_E","UNSTIM",3,2,2023-05-04,5,-181.851504750664,-909.257523753322
-0.198,"BDLD_14_E","UNSTIM",3,2,2023-05-04,5,-188.516219584458,-942.581097922292
-0.183,"3E10_GFP","UNSTIM",3,2,2023-05-04,5,-174.234687797757,-871.173438988785
-0.198,"204_TRIPLE_KO","UNSTIM",3,2,2023-05-04,5,-188.516219584458,-942.581097922292
-0.157,"WT_EL4","UNSTIM",3,2,2023-05-04,5,-149.480032700808,-747.400163504039
-0.075,"BDLD_27_E","UNSTIM",3,2,2023-05-04,5,-71.407658933507,-357.038294667535
-0.19,"BDLD_50_E","UNSTIM",3,2,2023-05-04,5,-180.899402631551,-904.497013157755
-0.194,"BDLD_14_E","UNSTIM",3,2,2023-05-04,5,-184.707811108005,-923.539055540023
-0.167,"3E10_GFP","UNSTIM",3,2,2023-05-04,5,-159.001053891942,-795.005269459711
-0.196,"204_TRIPLE_KO","UNSTIM",3,2,2023-05-04,5,-186.612015346232,-933.060076731158
-0.107,"WT_EL4","UNSTIM",3,2,2023-05-04,5,-101.874926745137,-509.374633725683
0.001,"BDLD_27_H","STIM",3,2,2023-05-12,10,0.517086137297724,5.17086137297724
-0.003,"BDLD_50_H","STIM",3,2,2023-05-12,10,-1.55125841189317,-15.5125841189317
0.004,"BDLD_14_H","STIM",3,2,2023-05-12,10,2.06834454919089,20.6834454919089
0.126,"3E10_GFP","STIM",3,2,2023-05-12,10,65.1528532995132,651.528532995132
0.001,"204_TRIPLE_KO","STIM",3,2,2023-05-12,10,0.517086137297724,5.17086137297724
-0.003,"BDLD_27_H","STIM",3,2,2023-05-12,10,-1.55125841189317,-15.5125841189317
-0.006,"BDLD_50_H","STIM",3,2,2023-05-12,10,-3.10251682378634,-31.0251682378634
0,"BDLD_14_H","STIM",3,2,2023-05-12,10,0,0
0.126,"3E10_GFP","STIM",3,2,2023-05-12,10,65.1528532995132,651.528532995132
0.001,"204_TRIPLE_KO","STIM",3,2,2023-05-12,10,0.517086137297724,5.17086137297724
-0.003,"BDLD_27_H","STIM",3,2,2023-05-12,10,-1.55125841189317,-15.5125841189317
-0.007,"BDLD_50_H","STIM",3,2,2023-05-12,10,-3.61960296108406,-36.1960296108406
-0.007,"BDLD_14_H","STIM",3,2,2023-05-12,10,-3.61960296108406,-36.1960296108406
0.091,"3E10_GFP","STIM",3,2,2023-05-12,10,47.0548384940928,470.548384940928
0,"204_TRIPLE_KO","STIM",3,2,2023-05-12,10,0,0
-0.006,"BDLD_27_H","UNSTIM",3,2,2023-05-12,10,-3.10251682378634,-31.0251682378634
-0.008,"BDLD_50_H","UNSTIM",3,2,2023-05-12,10,-4.13668909838179,-41.3668909838179
-0.003,"BDLD_14_H","UNSTIM",3,2,2023-05-12,10,-1.55125841189317,-15.5125841189317
0.01,"3E10_GFP","UNSTIM",3,2,2023-05-12,10,5.17086137297724,51.7086137297724
-0.001,"204_TRIPLE_KO","UNSTIM",3,2,2023-05-12,10,-0.517086137297724,-5.17086137297724
-0.004,"BDLD_27_H","UNSTIM",3,2,2023-05-12,10,-2.06834454919089,-20.6834454919089
-0.009,"BDLD_50_H","UNSTIM",3,2,2023-05-12,10,-4.65377523567951,-46.5377523567951
-0.006,"BDLD_14_H","UNSTIM",3,2,2023-05-12,10,-3.10251682378634,-31.0251682378634
0.012,"3E10_GFP","UNSTIM",3,2,2023-05-12,10,6.20503364757268,62.0503364757268
-0.002,"204_TRIPLE_KO","UNSTIM",3,2,2023-05-12,10,-1.03417227459545,-10.3417227459545
0.004,"BDLD_27_H","UNSTIM",3,2,2023-05-12,10,2.06834454919089,20.6834454919089
-0.006,"BDLD_50_H","UNSTIM",3,2,2023-05-12,10,-3.10251682378634,-31.0251682378634
-0.005,"BDLD_14_H","UNSTIM",3,2,2023-05-12,10,-2.58543068648862,-25.8543068648862
0.013,"3E10_GFP","UNSTIM",3,2,2023-05-12,10,6.72211978487041,67.2211978487041
0.004,"204_TRIPLE_KO","UNSTIM",3,2,2023-05-12,10,2.06834454919089,20.6834454919089
0.009,"BDLD_62_H","STIM",3,2,2023-06-21,10,2.5868987382724,25.868987382724
-0.002,"BDLD_10_H","STIM",3,2,2023-06-21,10,-0.574866386282756,-5.74866386282756
0.362,"3E10_GFP","STIM",3,2,2023-06-21,10,104.050815917179,1040.50815917179
-0.001,"204_TRIPLE_KO","STIM",3,2,2023-06-21,10,-0.287433193141378,-2.87433193141378
0.255,"BDLD_57_H","STIM",3,2,2023-06-21,10,73.2954642510514,732.954642510514
-0.002,"BDLD_2_H","STIM",3,2,2023-06-21,10,-0.574866386282756,-5.74866386282756
0,"BDLD_62_H","STIM",3,2,2023-06-21,10,0,0
-0.001,"BDLD_10_H","STIM",3,2,2023-06-21,10,-0.287433193141378,-2.87433193141378
0.235,"3E10_GFP","STIM",3,2,2023-06-21,10,67.5468003882239,675.468003882239
-0.003,"204_TRIPLE_KO","STIM",3,2,2023-06-21,10,-0.862299579424135,-8.62299579424135
0.155,"BDLD_57_H","STIM",3,2,2023-06-21,10,44.5521449369136,445.521449369136
-0.002,"BDLD_2_H","STIM",3,2,2023-06-21,10,-0.574866386282756,-5.74866386282756
0.002,"BDLD_62_H","STIM",3,2,2023-06-21,10,0.574866386282756,5.74866386282756
0.001,"BDLD_10_H","STIM",3,2,2023-06-21,10,0.287433193141378,2.87433193141378
0.361,"3E10_GFP","STIM",3,2,2023-06-21,10,103.763382724038,1037.63382724038
0.007,"204_TRIPLE_KO","STIM",3,2,2023-06-21,10,2.01203235198965,20.1203235198965
0.196,"BDLD_57_H","STIM",3,2,2023-06-21,10,56.3369058557101,563.369058557101
0.004,"BDLD_2_H","STIM",3,2,2023-06-21,10,1.14973277256551,11.4973277256551
0.001,"BDLD_62_H","UNSTIM",3,2,2023-06-21,10,0.287433193141378,2.87433193141378
-0.004,"BDLD_10_H","UNSTIM",3,2,2023-06-21,10,-1.14973277256551,-11.4973277256551
0.011,"3E10_GFP","UNSTIM",3,2,2023-06-21,10,3.16176512455516,31.6176512455516
0.002,"204_TRIPLE_KO","UNSTIM",3,2,2023-06-21,10,0.574866386282756,5.74866386282756
0.035,"BDLD_57_H","UNSTIM",3,2,2023-06-21,10,10.0601617599482,100.601617599482
0.009,"BDLD_2_H","UNSTIM",3,2,2023-06-21,10,2.5868987382724,25.868987382724
-0.005,"BDLD_62_H","UNSTIM",3,2,2023-06-21,10,-1.43716596570689,-14.3716596570689
0.012,"BDLD_10_H","UNSTIM",3,2,2023-06-21,10,3.44919831769654,34.4919831769654
0.031,"3E10_GFP","UNSTIM",3,2,2023-06-21,10,8.91042898738272,89.1042898738272
0.009,"204_TRIPLE_KO","UNSTIM",3,2,2023-06-21,10,2.5868987382724,25.868987382724
0.008,"BDLD_57_H","UNSTIM",3,2,2023-06-21,10,2.29946554513103,22.9946554513103
0.004,"BDLD_2_H","UNSTIM",3,2,2023-06-21,10,1.14973277256551,11.4973277256551
0.001,"BDLD_62_H","UNSTIM",3,2,2023-06-21,10,0.287433193141378,2.87433193141378
-0.001,"BDLD_10_H","UNSTIM",3,2,2023-06-21,10,-0.287433193141378,-2.87433193141378
0.032,"3E10_GFP","UNSTIM",3,2,2023-06-21,10,9.1978621805241,91.978621805241
0.006,"204_TRIPLE_KO","UNSTIM",3,2,2023-06-21,10,1.72459915884827,17.2459915884827
0.008,"BDLD_57_H","UNSTIM",3,2,2023-06-21,10,2.29946554513103,22.9946554513103
0.017,"BDLD_2_H","UNSTIM",3,2,2023-06-21,10,4.88636428340343,48.8636428340343
0.007,"BDLD_10_H","STIM",4,2,2023-06-21,10,2.01203235198965,20.1203235198965
-0.002,"BDLD_62_H","STIM",4,2,2023-06-21,10,-0.574866386282756,-5.74866386282756
0.275,"3E10_GFP","STIM",4,2,2023-06-21,10,79.044128113879,790.44128113879
0.001,"204_TRIPLE_KO","STIM",4,2,2023-06-21,10,0.287433193141378,2.87433193141378
0.003,"BDLD_10_H","UNSTIM",4,2,2023-06-21,10,0.862299579424135,8.62299579424135
0.001,"BDLD_62_H","UNSTIM",4,2,2023-06-21,10,0.287433193141378,2.87433193141378
0.042,"3E10_GFP","UNSTIM",4,2,2023-06-21,10,12.0721941119379,120.721941119379
0,"204_TRIPLE_KO","UNSTIM",4,2,2023-06-21,10,0,0
-0.003,"BDLD_10_H","STIM",4,2,2023-06-21,10,-0.862299579424135,-8.62299579424135
-0.007,"BDLD_62_H","STIM",4,2,2023-06-21,10,-2.01203235198965,-20.1203235198965
0.196,"3E10_GFP","STIM",4,2,2023-06-21,10,56.3369058557101,563.369058557101
0.008,"204_TRIPLE_KO","STIM",4,2,2023-06-21,10,2.29946554513103,22.9946554513103
0.001,"BDLD_10_H","UNSTIM",4,2,2023-06-21,10,0.287433193141378,2.87433193141378
-0.001,"BDLD_62_H","UNSTIM",4,2,2023-06-21,10,-0.287433193141378,-2.87433193141378
0.032,"3E10_GFP","UNSTIM",4,2,2023-06-21,10,9.1978621805241,91.978621805241
0.001,"204_TRIPLE_KO","UNSTIM",4,2,2023-06-21,10,0.287433193141378,2.87433193141378
0,"BDLD_10_H","STIM",4,2,2023-06-21,10,0,0
0.002,"BDLD_62_H","STIM",4,2,2023-06-21,10,0.574866386282756,5.74866386282756
0.242,"3E10_GFP","STIM",4,2,2023-06-21,10,69.5588327402135,695.588327402135
0.002,"204_TRIPLE_KO","STIM",4,2,2023-06-21,10,0.574866386282756,5.74866386282756
0.005,"BDLD_10_H","UNSTIM",4,2,2023-06-21,10,1.43716596570689,14.3716596570689
0.009,"BDLD_62_H","UNSTIM",4,2,2023-06-21,10,2.5868987382724,25.868987382724
0.041,"3E10_GFP","UNSTIM",4,2,2023-06-21,10,11.7847609187965,117.847609187965
-0.003,"204_TRIPLE_KO","UNSTIM",4,2,2023-06-21,10,-0.862299579424135,-8.62299579424135
0.014,"BDLD_7","STIM",3,2,2023-07-04,10,10.9884812751921,109.884812751921
0.017,"BDLD_46","STIM",3,2,2023-07-04,10,13.3431558341619,133.431558341619
0.017,"BDLD_69","STIM",3,2,2023-07-04,10,13.3431558341619,133.431558341619
0.015,"BDLD_73","STIM",3,2,2023-07-04,10,11.7733727948487,117.733727948487
0.787,"3E10_GFP","STIM",3,2,2023-07-04,10,617.709625969729,6177.09625969729
0.016,"204_TRIPLE_KO","STIM",3,2,2023-07-04,10,12.5582643145053,125.582643145053
0.011,"BDLD_7","STIM",3,2,2023-07-04,10,8.63380671622238,86.3380671622238
0.017,"BDLD_46","STIM",3,2,2023-07-04,10,13.3431558341619,133.431558341619
0.016,"BDLD_69","STIM",3,2,2023-07-04,10,12.5582643145053,125.582643145053
0.018,"BDLD_73","STIM",3,2,2023-07-04,10,14.1280473538184,141.280473538184
0.703,"3E10_GFP","STIM",3,2,2023-07-04,10,551.778738318576,5517.78738318576
0.017,"204_TRIPLE_KO","STIM",3,2,2023-07-04,10,13.3431558341619,133.431558341619
0.011,"BDLD_7","STIM",3,2,2023-07-04,10,8.63380671622238,86.3380671622238
0.019,"BDLD_46","STIM",3,2,2023-07-04,10,14.912938873475,149.12938873475
0.015,"BDLD_69","STIM",3,2,2023-07-04,10,11.7733727948487,117.733727948487
0.015,"BDLD_73","STIM",3,2,2023-07-04,10,11.7733727948487,117.733727948487
0.835,"3E10_GFP","STIM",3,2,2023-07-04,10,655.384418913244,6553.84418913244
0.013,"204_TRIPLE_KO","STIM",3,2,2023-07-04,10,10.2035897555355,102.035897555355
0.01,"BDLD_7","UNSTIM",3,2,2023-07-04,10,7.8489151965658,78.489151965658
0.014,"BDLD_46","UNSTIM",3,2,2023-07-04,10,10.9884812751921,109.884812751921
0.016,"BDLD_69","UNSTIM",3,2,2023-07-04,10,12.5582643145053,125.582643145053
0.014,"BDLD_73","UNSTIM",3,2,2023-07-04,10,10.9884812751921,109.884812751921
0.116,"3E10_GFP","UNSTIM",3,2,2023-07-04,10,91.0474162801633,910.474162801633
0.011,"204_TRIPLE_KO","UNSTIM",3,2,2023-07-04,10,8.63380671622238,86.3380671622238
0.008,"BDLD_7","UNSTIM",3,2,2023-07-04,10,6.27913215725264,62.7913215725264
0.01,"BDLD_46","UNSTIM",3,2,2023-07-04,10,7.8489151965658,78.489151965658
0.013,"BDLD_69","UNSTIM",3,2,2023-07-04,10,10.2035897555355,102.035897555355
0.012,"BDLD_73","UNSTIM",3,2,2023-07-04,10,9.41869823587896,94.1869823587896
0.118,"3E10_GFP","UNSTIM",3,2,2023-07-04,10,92.6171993194765,926.171993194765
0.012,"204_TRIPLE_KO","UNSTIM",3,2,2023-07-04,10,9.41869823587896,94.1869823587896
0.014,"BDLD_7","UNSTIM",3,2,2023-07-04,10,10.9884812751921,109.884812751921
0.012,"BDLD_46","UNSTIM",3,2,2023-07-04,10,9.41869823587896,94.1869823587896
0.018,"BDLD_69","UNSTIM",3,2,2023-07-04,10,14.1280473538184,141.280473538184
0.025,"BDLD_73","UNSTIM",3,2,2023-07-04,10,19.6222879914145,196.222879914145
0.103,"3E10_GFP","UNSTIM",3,2,2023-07-04,10,80.8438265246278,808.438265246278
0.012,"204_TRIPLE_KO","UNSTIM",3,2,2023-07-04,10,9.41869823587896,94.1869823587896
0.22,"BDLD_6","STIM",1,3,2023-07-04,10,138.095606698286,1380.95606698286
0.01,"BDLD_67","STIM",1,3,2023-07-04,10,6.27707303174028,62.7707303174029
0.919,"3E10_GFP","STIM",1,3,2023-07-04,10,576.863011616932,5768.63011616932
0.011,"204_TRIPLE_KO","STIM",1,3,2023-07-04,10,6.90478033491431,69.0478033491431
0.761,"BDLD_6","STIM",3,3,2023-07-04,10,477.685257715436,4776.85257715436
0.025,"BDLD_67","STIM",3,3,2023-07-04,10,15.6926825793507,156.926825793507
1.042,"3E10_GFP","STIM",3,3,2023-07-04,10,654.071009907338,6540.71009907338
0.025,"204_TRIPLE_KO","STIM",3,3,2023-07-04,10,15.6926825793507,156.926825793507
0.011,"BDLD_67","STIM",1,3,2023-07-04,10,6.90478033491431,69.0478033491431
0.763,"3E10_GFP","STIM",1,3,2023-07-04,10,478.940672321784,4789.40672321784
0.012,"204_TRIPLE_KO","STIM",1,3,2023-07-04,10,7.53248763808834,75.3248763808834
0.76,"BDLD_6","STIM",3,3,2023-07-04,10,477.057550412262,4770.57550412262
0.036,"BDLD_67","STIM",3,3,2023-07-04,10,22.597462914265,225.97462914265
0.999,"3E10_GFP","STIM",3,3,2023-07-04,10,627.079595870854,6270.79595870854
0.025,"204_TRIPLE_KO","STIM",3,3,2023-07-04,10,15.6926825793507,156.926825793507
0.246,"BDLD_6","STIM",1,3,2023-07-04,10,154.415996580811,1544.15996580811
0.009,"BDLD_67","STIM",1,3,2023-07-04,10,5.64936572856626,56.4936572856626
0.962,"3E10_GFP","STIM",1,3,2023-07-04,10,603.854425653415,6038.54425653415
0.011,"204_TRIPLE_KO","STIM",1,3,2023-07-04,10,6.90478033491431,69.0478033491431
0.769,"BDLD_6","STIM",3,3,2023-07-04,10,482.706916140828,4827.06916140828
0.024,"BDLD_67","STIM",3,3,2023-07-04,10,15.0649752761767,150.649752761767
1.068,"3E10_GFP","STIM",3,3,2023-07-04,10,670.391399789862,6703.91399789862
0.019,"204_TRIPLE_KO","STIM",3,3,2023-07-04,10,11.9264387603065,119.264387603065
0.028,"BDLD_6","UNSTIM",1,3,2023-07-04,10,17.5758044888728,175.758044888728
0.012,"BDLD_67","UNSTIM",1,3,2023-07-04,10,7.53248763808834,75.3248763808834
0.107,"3E10_GFP","UNSTIM",1,3,2023-07-04,10,67.164681439621,671.64681439621
0.01,"204_TRIPLE_KO","UNSTIM",1,3,2023-07-04,10,6.27707303174028,62.7707303174029
0.092,"BDLD_6","UNSTIM",3,3,2023-07-04,10,57.7490718920106,577.490718920106
0.04,"BDLD_67","UNSTIM",3,3,2023-07-04,10,25.1082921269611,251.082921269611
0.14,"3E10_GFP","UNSTIM",3,3,2023-07-04,10,87.879022444364,878.79022444364
0.019,"204_TRIPLE_KO","UNSTIM",3,3,2023-07-04,10,11.9264387603065,119.264387603065
0.033,"BDLD_6","UNSTIM",1,3,2023-07-04,10,20.7143410047429,207.143410047429
0.012,"BDLD_67","UNSTIM",1,3,2023-07-04,10,7.53248763808834,75.3248763808834
0.066,"3E10_GFP","UNSTIM",1,3,2023-07-04,10,41.4286820094859,414.286820094859
0.011,"204_TRIPLE_KO","UNSTIM",1,3,2023-07-04,10,6.90478033491431,69.0478033491431
0.084,"BDLD_6","UNSTIM",3,3,2023-07-04,10,52.7274134666184,527.274134666184
0.055,"BDLD_67","UNSTIM",3,3,2023-07-04,10,34.5239016745716,345.239016745716
0.094,"3E10_GFP","UNSTIM",3,3,2023-07-04,10,59.0044864983587,590.044864983587
0.023,"204_TRIPLE_KO","UNSTIM",3,3,2023-07-04,10,14.4372679730027,144.372679730027
0.031,"BDLD_6","UNSTIM",1,3,2023-07-04,10,19.4589263983949,194.589263983949
0.009,"BDLD_67","UNSTIM",1,3,2023-07-04,10,5.64936572856626,56.4936572856626
0.113,"3E10_GFP","UNSTIM",1,3,2023-07-04,10,70.9309252586652,709.309252586652
0.008,"204_TRIPLE_KO","UNSTIM",1,3,2023-07-04,10,5.02165842539223,50.2165842539223
0.13,"BDLD_6","UNSTIM",3,3,2023-07-04,10,81.6019494126237,816.019494126237
0.022,"BDLD_67","UNSTIM",3,3,2023-07-04,10,13.8095606698286,138.095606698286
0.126,"3E10_GFP","UNSTIM",3,3,2023-07-04,10,79.0911201999276,790.911201999276
0.02,"204_TRIPLE_KO","UNSTIM",3,3,2023-07-04,10,12.5541460634806,125.541460634806
0.307,"BDLD_6","STIM",2,3,2023-07-04,10,192.706142074427,1927.06142074427
0.008,"BDLD_67","STIM",2,3,2023-07-04,10,5.02165842539223,50.2165842539223
0.409,"3E10_GFP","STIM",2,3,2023-07-04,10,256.732286998178,2567.32286998178
0.015,"204_TRIPLE_KO","STIM",2,3,2023-07-04,10,9.41560954761043,94.1560954761043
0.341,"BDLD_6","STIM",2,3,2023-07-04,10,214.048190382344,2140.48190382344
0.01,"BDLD_67","STIM",2,3,2023-07-04,10,6.27707303174028,62.7707303174029
0.476,"3E10_GFP","STIM",2,3,2023-07-04,10,298.788676310838,2987.88676310837
0.01,"204_TRIPLE_KO","STIM",2,3,2023-07-04,10,6.27707303174028,62.7707303174029
0.282,"BDLD_6","STIM",2,3,2023-07-04,10,177.013459495076,1770.13459495076
0.029,"BDLD_67","STIM",2,3,2023-07-04,10,18.2035117920468,182.035117920468
0.33,"3E10_GFP","STIM",2,3,2023-07-04,10,207.143410047429,2071.43410047429
0.008,"204_TRIPLE_KO","STIM",2,3,2023-07-04,10,5.02165842539223,50.2165842539223
0.024,"BDLD_6","UNSTIM",2,3,2023-07-04,10,15.0649752761767,150.649752761767
0.008,"BDLD_67","UNSTIM",2,3,2023-07-04,10,5.02165842539223,50.2165842539223
0.034,"3E10_GFP","UNSTIM",2,3,2023-07-04,10,21.342048307917,213.42048307917
0.008,"204_TRIPLE_KO","UNSTIM",2,3,2023-07-04,10,5.02165842539223,50.2165842539223
0.022,"BDLD_6","UNSTIM",2,3,2023-07-04,10,13.8095606698286,138.095606698286
0.008,"BDLD_67","UNSTIM",2,3,2023-07-04,10,5.02165842539223,50.2165842539223
0.041,"3E10_GFP","UNSTIM",2,3,2023-07-04,10,25.7359994301352,257.359994301352
0.009,"204_TRIPLE_KO","UNSTIM",2,3,2023-07-04,10,5.64936572856626,56.4936572856626
0.029,"BDLD_6","UNSTIM",2,3,2023-07-04,10,18.2035117920468,182.035117920468
0.008,"BDLD_67","UNSTIM",2,3,2023-07-04,10,5.02165842539223,50.2165842539223
0.038,"3E10_GFP","UNSTIM",2,3,2023-07-04,10,23.8528775206131,238.528775206131
0.011,"204_TRIPLE_KO","UNSTIM",2,3,2023-07-04,10,6.90478033491431,69.0478033491431
