Significant,-LOG(P-value),Difference,T:.Protein.IDs,T:.Majority.protein.IDs,T:.Protein.names,T:.Gene.names,Symbol.color,Symbol.type,Symbol.size,Show.label,C:.Only.identified.by.site,C:.Reverse,C:.Potential.contami1000t,N:.Peptides,N:.Mol..weight.[kDa],N:.Valid.values,N:.Valid.values.15.min,N:.Valid.values.30.min,N:.Valid.values.60.min,N:.Valid.values.unstim,15.min.FG.167.neu,15.min.FG.168.neu,15.min.FG.169.neu,15.min.FG.170.neu,30.min.FG171.neu,30.min.FG172.neu,30.min.FG173.neu,30.min.FG174.neu,60.min.FG175.neu,60.min.FG176.neu,60.min.FG177.neu,60.min.FG178.neu,unstim.FG163.neu,unstim.FG164.neu,unstim.FG165.neu,unstim.FG166.neu,ORIGIN,PULLED_PROTEIN,KO
TRUE,3.18765232419007,5.65404987335205,A2AI08,A2AI08,Taperin,Tprn,"Color2 [A=255, R=169, G=169, B=169]",1,4,NA,NA,NA,NA,15,80.088,16,4,4,4,4,16.6126689910889,17.2629680633545,17.6191692352295,17.1090679168701,15.7869682312012,15.3444681167603,14.6989688873291,15.2389688491821,14.7918682098389,14.2697687149048,14.0731687545776,14.2334690093994,9.14106845855713,11.4656686782837,12.3354692459106,13.0454683303833,15,MYD88,IRAK1
TRUE,1.55193979433251,2.50835251808167,A2ASS6,A2ASS6,Titin,Ttn,"Color2 [A=255, R=169, G=169, B=169]",1,4,NA,NA,NA,NA,6,3906.4,16,4,4,4,4,8.75086879730225,9.69736862182617,11.1356687545776,9.59750843048096,6.73035907745361,10.69455909729,6.07998943328857,11.983868598938,8.18202877044678,5.59094905853271,5.9484395980835,8.14214897155762,8.14126873016357,8.86268901824951,6.10207843780518,6.04196834564209,15,MYD88,IRAK1
TRUE,1.67716989690917,2.48869514465332,B7ZNG0,B7ZNG0,Kinesin-like protein KIF7,Kif7,"Color2 [A=255, R=169, G=169, B=169]",1,4,NA,NA,NA,NA,2,151.62,8,2,1,3,2,NA,11.5397691726685,NA,11.1727685928345,10.2955389022827,NA,NA,NA,8.99965858459473,11.1277685165405,NA,9.14251899719238,9.18506908416748,8.55007839202881,NA,NA,15,MYD88,IRAK1
TRUE,2.97506469680887,3.23094964027405,B9EJ86;Q9ER64,B9EJ86,Oxysterol-binding protein,Osbpl8,"Color2 [A=255, R=169, G=169, B=169]",1,4,NA,NA,NA,NA,7,101.27,16,4,4,4,4,14.0721683502197,14.5268688201904,14.9449682235718,14.7140684127808,13.5763683319092,12.8462686538696,12.0286684036255,12.4464683532715,11.4858684539795,9.57937908172607,11.4506683349609,12.6365690231323,9.8308687210083,12.0492687225342,11.4869689941406,11.9671688079834,15,MYD88,IRAK1
TRUE,1.17460393608207,3.04057455062866,CON__P00761,CON__P00761,NA,NA,"Color2 [A=255, R=169, G=169, B=169]",1,4,NA,NA,NA,+,4,24.409,16,4,4,4,4,24.4154682159424,24.9848690032959,25.1407680511475,25.0962696075439,20.04176902771,25.6661682128906,26.0341682434082,19.4375686645508,24.735668182373,19.2579689025879,19.6880683898926,18.7912693023682,23.1637687683105,25.0568695068359,19.6471691131592,19.6072692871094,15,MYD88,IRAK1
TRUE,1.34312857841825,2.77637505531311,CON__P12763,CON__P12763,NA,NA,"Color2 [A=255, R=169, G=169, B=169]",1,4,NA,NA,NA,+,4,38.418,16,4,4,4,4,18.3632678985596,16.5538692474365,17.1675682067871,16.2213687896729,16.2008686065674,15.2341690063477,16.6957683563232,17.4155693054199,14.7479686737061,14.7396688461304,15.661768913269,15.00696849823,12.16676902771,13.2599687576294,15.0975685119629,16.6762676239014,15,MYD88,IRAK1
TRUE,3.52656006284938,2.53252482414246,CON__Q28107;O88783,CON__Q28107,NA,NA,"Color2 [A=255, R=169, G=169, B=169]",1,4,NA,NA,NA,+,12,248.98,16,4,4,4,4,14.1669683456421,14.4768686294556,15.1502685546875,14.8488683700562,14.3707685470581,14.7767686843872,13.5790691375732,14.7160682678223,13.8307685852051,13.5409688949585,13.7136688232422,13.4254684448242,11.7520685195923,12.8207683563232,11.6905689239502,12.2494688034058,15,MYD88,IRAK1
TRUE,4.68663400618368,3.62497496604919,CON__Q3SX14,CON__Q3SX14,NA,NA,"Color2 [A=255, R=169, G=169, B=169]",1,4,NA,NA,NA,+,18,85.686,16,4,4,4,4,17.1292686462402,17.4431686401367,17.8467693328857,17.549768447876,17.4150676727295,17.0339679718018,17.1740684509277,17.366569519043,17.0596694946289,16.0793685913086,15.7386684417725,16.9575691223145,13.3294687271118,13.5837688446045,14.0229692459106,14.5328683853149,15,MYD88,IRAK1
TRUE,1.8794203476713,2.13057494163513,E9Q3L2,E9Q3L2,NA,Pi4ka,"Color2 [A=255, R=169, G=169, B=169]",1,4,NA,NA,NA,NA,10,237.04,16,4,4,4,4,13.8012685775757,12.6435689926147,12.910569190979,12.4825687408447,12.6991691589355,11.6293687820435,12.3048686981201,11.3916692733765,12.9002685546875,11.7909688949585,10.1621189117432,10.8142690658569,9.32056903839111,11.5692691802979,11.6317691802979,10.7940683364868,15,MYD88,IRAK1
TRUE,2.5861876682654,6.12604959805807,G3X9J0,G3X9J0,NA,Sipa1l3,"Color2 [A=255, R=169, G=169, B=169]",1,4,NA,NA,NA,NA,23,195.06,15,4,4,4,3,15.5549688339233,16.0085678100586,16.5830688476563,16.652868270874,14.8173685073853,14.0066690444946,13.2619686126709,14.6283683776855,13.6803684234619,12.8800687789917,12.6570692062378,13.5085687637329,7.57281875610352,NA,10.9877691268921,11.6608686447144,15,MYD88,IRAK1
TRUE,2.09339226660309,6.57224941253662,O08638,O08638,Myosin-11,Myh11,"Color2 [A=255, R=169, G=169, B=169]",1,4,NA,NA,NA,NA,19,227.03,12,4,4,2,2,18.0068683624268,15.2419681549072,18.8661689758301,18.35546875,18.5452690124512,13.4990692138672,19.3154678344727,18.8655681610107,18.5270690917969,NA,NA,17.932767868042,10.120569229126,11.9701690673828,NA,NA,15,MYD88,IRAK1
TRUE,1.41539717748282,2.5393750667572,O35465,O35465,Peptidyl-prolyl cis-trans isomerase FKBP8,Fkbp8,"Color2 [A=255, R=169, G=169, B=169]",1,4,NA,NA,NA,NA,3,43.528,11,4,2,1,4,14.1636686325073,13.8674688339233,14.4746685028076,13.1649684906006,13.8095684051514,13.8844690322876,NA,NA,NA,NA,NA,9.80670833587646,9.85816860198975,13.9720687866211,10.3271684646606,11.3558683395386,15,MYD88,IRAK1
TRUE,1.37152875464603,2.28189992904663,O54784,O54784,Death-associated protein kinase 3,Dapk3,"Color2 [A=255, R=169, G=169, B=169]",1,4,NA,NA,NA,NA,3,51.421,13,4,3,4,2,14.0261688232422,14.6489686965942,14.9952688217163,15.6780681610107,14.7595682144165,12.892068862915,NA,13.7081689834595,14.7681684494019,13.9412689208984,13.1154689788818,12.437668800354,NA,11.6081686019897,13.5022687911987,NA,15,MYD88,IRAK1
TRUE,2.05661248933525,3.59131304423014,O54824,O54824,Pro-interleukin-16;Interleukin-16,Il16,"Color2 [A=255, R=169, G=169, B=169]",1,4,NA,NA,NA,NA,2,141.43,10,3,1,3,3,NA,11.2839689254761,12.2853689193726,12.5448684692383,9.6618185043335,NA,NA,NA,9.26163864135742,9.13419914245605,NA,8.70087909698486,7.15591907501221,NA,9.06622886657715,9.11811923980713,15,MYD88,IRAK1
TRUE,2.07383600509979,2.0490999221801798,O55033,O55033,Cytoplasmic protein NCK2,Nck2,"Color2 [A=255, R=169, G=169, B=169]",1,4,NA,NA,NA,NA,9,42.879,16,4,4,4,4,15.7750682830811,16.3596687316895,16.3076686859131,16.6998691558838,15.7915687561035,15.6003684997559,15.4956684112549,16.2763690948486,16.1161689758301,16.5751686096191,15.119068145752,15.7568683624268,12.7999687194824,14.4825687408447,14.5824689865112,15.0808687210083,15,MYD88,IRAK1
TRUE,2.32726736343503,3.53172445297241,O88342,O88342,WD repeat-containing protein 1,Wdr1,"Color2 [A=255, R=169, G=169, B=169]",1,4,NA,NA,NA,NA,9,66.406,16,4,4,4,4,16.5144691467285,16.431568145752,16.9784679412842,16.5477676391602,16.3297691345215,15.2313690185547,15.4705686569214,14.6959686279297,15.3304681777954,15.7631683349609,14.8682689666748,16.8262691497803,10.8617687225342,13.5425691604614,13.2891683578491,14.6518688201904,15,MYD88,IRAK1
TRUE,2.78525862555038,2.55847501754761,O88398,O88398,Advillin,Avil,"Color2 [A=255, R=169, G=169, B=169]",1,4,NA,NA,NA,NA,25,92.031,16,4,4,4,4,19.2362689971924,19.5951690673828,19.3891677856445,19.2230682373047,19.1669692993164,18.8780689239502,18.4931678771973,18.807767868042,18.5908679962158,18.6068687438965,17.9204692840576,18.4131679534912,15.7719688415527,16.9914684295654,16.469367980957,17.9769687652588,15,MYD88,IRAK1
TRUE,1.78785049279377,2.77174973487854,O88502,O88502,"High affinity cAMP-specific and IBMX-insensitive 3,5-cyclic phosphodiesterase 8A",Pde8a,"Color2 [A=255, R=169, G=169, B=169]",1,4,NA,NA,NA,NA,9,93.17,16,4,4,4,4,14.8328685760498,14.5476684570313,15.875768661499,15.0877685546875,14.7883682250977,15.44566822052,12.3446683883667,14.1150684356689,14.689868927002,13.3905687332153,13.4409685134888,14.1262683868408,10.1629686355591,12.3096685409546,12.8879690170288,13.8964691162109,15,MYD88,IRAK1
TRUE,3.31528185712313,2.38292551040649,O89053,O89053,Coronin-1A,Coro1a,"Color2 [A=255, R=169, G=169, B=169]",1,4,NA,NA,NA,NA,13,50.989,16,4,4,4,4,19.889669418335,20.3603687286377,20.8713684082031,20.3263683319092,19.814868927002,19.8909683227539,19.4271678924561,20.1936683654785,19.1151695251465,19.2132682800293,18.985668182373,19.5067691802979,17.1911678314209,18.1419677734375,18.032169342041,18.5507678985596,15,MYD88,IRAK1
TRUE,2.8963301641035,2.76399946212769,P01831,P01831,Thy-1 membrane glycoprotein,Thy1,"Color2 [A=255, R=169, G=169, B=169]",1,4,NA,NA,NA,NA,4,18.08,16,4,4,4,4,22.0371685028076,22.2003688812256,22.2025680541992,22.1933689117432,22.2624683380127,22.1998691558838,22.3492679595947,22.5439682006836,22.1894683837891,21.4377689361572,21.529369354248,21.5385684967041,18.1271686553955,20.0356693267822,19.1608695983887,20.2537689208984,15,MYD88,IRAK1
TRUE,2.94968441438037,2.58567523956299,P06240,P06240,Proto-oncogene tyrosine-protein kinase LCK,Lck,"Color2 [A=255, R=169, G=169, B=169]",1,4,NA,NA,NA,NA,7,57.942,16,4,4,4,4,16.5214691162109,16.9829692840576,17.0168685913086,16.2210693359375,16.2087688446045,16.5043678283691,14.8962688446045,15.3140687942505,16.5859680175781,15.2959690093994,14.6226682662964,15.4047689437866,13.6708688735962,14.1744689941406,13.3637685775757,15.1905689239502,15,MYD88,IRAK1
TRUE,2.76307250453014,1.73840045928955,P08752;B2RSH2,P08752,Guanine nucleotide-binding protein G(i) subunit alpha-2,Gnai2,"Color2 [A=255, R=169, G=169, B=169]",1,4,NA,NA,NA,NA,16,40.489,16,4,4,4,4,20.1515693664551,20.9815692901611,21.2324695587158,20.7435684204102,21.1261692047119,21.183069229126,20.8501682281494,21.284969329834,20.7932682037354,20.2589683532715,20.1209678649902,20.4147682189941,18.4387683868408,19.1971683502197,18.9979686737061,19.5216693878174,15,MYD88,IRAK1
TRUE,2.14697199192338,2.16809988021851,P11370;P10404,P11370;P10404,Retrovirus-related Env polyprotein from Fv-4 locus;MLV-related proviral Env polyprotein;Surface protein;Transmembrane protein,Fv4,"Color2 [A=255, R=169, G=169, B=169]",1,4,NA,NA,NA,NA,4,74.452,16,4,4,4,4,15.437068939209,15.6239681243896,15.9095687866211,16.0626678466797,16.6311683654785,16.2937679290771,15.2212686538696,16.4845676422119,15.428768157959,14.9713687896729,14.9958686828613,14.4372692108154,12.3202686309814,13.3167686462402,13.9078683853149,14.8159685134888,15,MYD88,IRAK1
TRUE,2.43055281964919,2.25012493133545,P13020,P13020,Gelsolin,Gsn,"Color2 [A=255, R=169, G=169, B=169]",1,4,NA,NA,NA,NA,21,85.941,16,4,4,4,4,20.4304695129395,20.1565685272217,21.1518688201904,20.9482688903809,20.7303695678711,20.7016696929932,19.9874687194824,20.1567687988281,20.36496925354,19.9295692443848,19.7894687652588,20.3969688415527,17.2068691253662,18.5988693237305,18.6232681274414,19.2576694488525,15,MYD88,IRAK1
TRUE,3.8851432238055,3.76062512397766,P16546,P16546,"Spectrin alpha chain, non-erythrocytic 1",Sptan1,"Color2 [A=255, R=169, G=169, B=169]",1,4,NA,NA,NA,NA,95,284.59,16,4,4,4,4,18.7650680541992,19.5004692077637,20.3163681030273,19.591968536377,18.4923686981201,18.2112693786621,18.0722694396973,18.4569683074951,18.2368679046631,17.9644680023193,17.3892688751221,17.8131694793701,14.9793682098389,15.8552684783936,15.8889684677124,16.4077682495117,15,MYD88,IRAK1
TRUE,3.81893932849575,2.73632478713989,P19246,P19246,Neurofilament heavy polypeptide,Nefh,"Color2 [A=255, R=169, G=169, B=169]",1,4,NA,NA,NA,NA,10,116.99,16,4,4,4,4,15.2279682159424,16.2197685241699,15.4731683731079,15.5471687316895,13.4998683929443,13.9326686859131,14.9451684951782,15.4386682510376,14.9877681732178,14.1113691329956,14.0109691619873,13.4893684387207,12.7498683929443,13.2449684143066,13.2865686416626,12.2413692474365,15,MYD88,IRAK1
TRUE,3.20538373342556,2.0863995552063,P20152;P15331;P03995;P46660;P08551;P08553,P20152,Vimentin,Vim,"Color2 [A=255, R=169, G=169, B=169]",1,4,NA,NA,NA,NA,40,53.687,16,4,4,4,4,24.4177684783936,25.1240692138672,25.2383689880371,25.3096694946289,23.8242683410645,23.9238681793213,23.8531684875488,24.5012683868408,24.2870693206787,23.6901683807373,23.718168258667,23.7373695373535,22.2648696899414,23.2142696380615,22.8873691558838,23.3777694702148,15,MYD88,IRAK1
TRUE,2.10618751034691,2.49705243110657,P26039,P26039,Talin-1,Tln1,"Color2 [A=255, R=169, G=169, B=169]",1,4,NA,NA,NA,NA,3,269.82,15,4,4,3,4,9.88216876983643,9.37142848968506,10.2724685668945,9.16936874389648,7.32598876953125,8.16936874389648,8.56610870361328,8.22680854797363,NA,7.17958927154541,9.27489852905273,7.20924854278564,5.70023822784424,7.28203868865967,8.5688591003418,7.15608882904053,15,MYD88,IRAK1
TRUE,3.26366183788951,1.57594966888428,P26638,P26638,"Serine--tRNA ligase, cytoplasmic",Sars,"Color2 [A=255, R=169, G=169, B=169]",1,4,NA,NA,NA,NA,7,58.388,15,4,3,4,4,15.188268661499,15.6568689346313,15.1853685379028,15.2590684890747,14.7087688446045,14.6181688308716,NA,13.0239686965942,13.0881690979004,12.1555690765381,12.1501684188843,13.1997690200806,13.5840692520142,13.8801689147949,14.2457685470581,13.2757692337036,15,MYD88,IRAK1
TRUE,2.39452946647289,1.64764976501465,P41241;P41242,P41241,Tyrosine-protein kinase CSK,Csk,"Color2 [A=255, R=169, G=169, B=169]",1,4,NA,NA,NA,NA,14,50.716,16,4,4,4,4,16.8572692871094,17.1323680877686,17.4555683135986,17.4497680664063,17.6650676727295,17.4548683166504,17.0407676696777,17.4195690155029,16.9276676177979,17.4524688720703,16.2982692718506,16.7093677520752,14.5759687423706,15.9820690155029,15.8107681274414,15.9355688095093,15,MYD88,IRAK1
TRUE,2.41603528594494,4.82354807853699,P46062,P46062,Signal-induced proliferation-associated protein 1,Sipa1,"Color2 [A=255, R=169, G=169, B=169]",1,4,NA,NA,NA,NA,7,112.06,15,4,4,4,3,13.2091684341431,14.8106689453125,15.2289686203003,15.4617681503296,13.3075685501099,12.9485683441162,14.0202684402466,14.184868812561,12.9489688873291,12.9012689590454,11.8632688522339,12.7329683303833,9.32576847076416,11.5705690383911,NA,8.66594886779785,15,MYD88,IRAK1
TRUE,3.17029507450598,2.9157247543335,P47753,P47753,F-actin-capping protein subunit alpha-1,Capza1,"Color2 [A=255, R=169, G=169, B=169]",1,4,NA,NA,NA,NA,9,32.939,16,4,4,4,4,22.154468536377,21.8931694030762,22.1280689239502,21.859468460083,21.0815696716309,21.2146682739258,20.2238693237305,20.9645690917969,21.2176685333252,20.6248683929443,20.3424682617188,20.6985683441162,17.8125686645508,19.4787693023682,19.2110691070557,19.8698692321777,15,MYD88,IRAK1
TRUE,2.38140730353085,2.73122549057007,P47754,P47754,F-actin-capping protein subunit alpha-2,Capza2,"Color2 [A=255, R=169, G=169, B=169]",1,4,NA,NA,NA,NA,11,32.967,16,4,4,4,4,21.6078681945801,21.6392688751221,21.6629695892334,21.7158679962158,21.0031681060791,21.0165691375732,20.9316692352295,21.100269317627,21.1642684936523,20.5036678314209,20.317268371582,21.6227684020996,17.1580677032471,19.3934688568115,19.2202682495117,19.9292678833008,15,MYD88,IRAK1
TRUE,2.92216739771918,3.00830078125,P47757,P47757,F-actin-capping protein subunit beta,Capzb,"Color2 [A=255, R=169, G=169, B=169]",1,4,NA,NA,NA,NA,11,31.345,16,4,4,4,4,21.3011684417725,21.6713695526123,22.0155696868896,21.8218688964844,21.2767696380615,20.9271678924561,20.8133678436279,21.120569229126,20.4205684661865,20.2417678833008,20.2438678741455,20.5613689422607,17.2900676727295,18.8266677856445,19.0105686187744,19.6494693756104,15,MYD88,IRAK1
TRUE,2.18261119206598,2.8889493942260698,P49025,P49025,Citron Rho-interacting kinase,Cit,"Color2 [A=255, R=169, G=169, B=169]",1,4,NA,NA,NA,NA,11,235.39,16,4,4,4,4,18.3695678710938,18.0947685241699,18.7704677581787,17.8783683776855,17.7916679382324,17.7894687652588,17.1547679901123,13.2858686447144,17.7878684997559,12.7493686676025,11.3027687072754,17.2227687835693,13.5898685455322,15.6674690246582,15.3997688293457,16.9002685546875,15,MYD88,IRAK1
TRUE,3.45879562420933,3.55995011329651,P49813;Q9JLH8,P49813,Tropomodulin-1,Tmod1,"Color2 [A=255, R=169, G=169, B=169]",1,4,NA,NA,NA,NA,10,40.466,16,4,4,4,4,17.8747692108154,18.3449687957764,17.9002685546875,17.2362689971924,17.7574691772461,17.4548683166504,17.4214687347412,17.3057689666748,18.3276691436768,17.5749683380127,17.2900676727295,18.0189685821533,13.6959686279297,14.0787687301636,13.7833690643311,15.5583686828613,15,MYD88,IRAK1
TRUE,3.75132267211275,4.43360018730164,P53349,P53349,Mitogen-activated protein kinase kinase kinase 1,Map3k1,"Color2 [A=255, R=169, G=169, B=169]",1,4,NA,NA,NA,NA,11,161.29,16,4,4,4,4,15.2414684295654,15.2044687271118,16.1525688171387,15.7185688018799,13.39146900177,13.1232690811157,13.3512687683105,13.6356687545776,12.8900690078735,14.0902690887451,13.2952690124512,14.0903692245483,10.2302684783936,10.9495687484741,10.8615684509277,12.5412683486938,15,MYD88,IRAK1
TRUE,2.16977777737084,2.5234751701355,P54775,P54775,26S protease regulatory subunit 6B,Psmc4,"Color2 [A=255, R=169, G=169, B=169]",1,4,NA,NA,NA,NA,3,47.408,14,4,3,3,4,12.7753686904907,15.1112689971924,13.9280691146851,13.9685688018799,13.4231691360474,12.5504684448242,NA,13.039568901062,10.9735689163208,NA,11.6636686325073,11.8721685409546,10.6444692611694,11.7779684066772,10.8849687576294,12.38196849823,15,MYD88,IRAK1
TRUE,3.43674982185442,3.87245011329651,P57780,P57780,Alpha-actinin-4,Actn4,"Color2 [A=255, R=169, G=169, B=169]",1,4,NA,NA,NA,NA,41,104.98,16,4,4,4,4,18.7142696380615,19.6660690307617,20.0241680145264,19.7324695587158,18.2199687957764,17.8452682495117,17.3085689544678,17.6958694458008,18.1286678314209,17.8683681488037,17.2819690704346,17.4472694396973,14.5119686126709,16.0149688720703,15.4490690231323,16.6711692810059,15,MYD88,IRAK1
TRUE,2.20968134667216,3.59897518157959,P58771,P58771,Tropomyosin alpha-1 chain,Tpm1,"Color2 [A=255, R=169, G=169, B=169]",1,4,NA,NA,NA,NA,6,32.68,13,4,2,4,3,16.5645694732666,16.8844680786133,17.6447677612305,16.3439693450928,17.663969039917,16.734468460083,NA,NA,18.5711688995361,14.1710691452026,16.7844676971436,14.7049684524536,11.9046688079834,13.0273685455322,NA,14.8493680953979,15,MYD88,IRAK1
TRUE,2.425592191149,2.34224939346313,P59999,P59999,Actin-related protein 2/3 complex subunit 4,Arpc4,"Color2 [A=255, R=169, G=169, B=169]",1,4,NA,NA,NA,NA,9,19.667,16,4,4,4,4,22.744068145752,22.3801689147949,22.9842681884766,22.8340682983398,22.5877685546875,22.5319690704346,22.6263694763184,22.821268081665,22.2328681945801,22.3563690185547,21.4943695068359,22.3512687683105,19.002368927002,20.7813682556152,20.4789695739746,21.3108692169189,15,MYD88,IRAK1
TRUE,2.32271635865584,2.26610040664673,P60710,P60710,"Actin, cytoplasmic 1;Actin, cytoplasmic 1, N-terminally processed",Actb,"Color2 [A=255, R=169, G=169, B=169]",1,4,NA,NA,NA,NA,30,41.736,16,4,4,4,4,27.3752689361572,27.4798679351807,28.1525688171387,27.4414691925049,27.2986679077148,27.4190692901611,26.870569229126,27.5244693756104,26.9134693145752,26.5911693572998,26.2270679473877,26.7187690734863,24.026668548584,25.4524688720703,25.531867980957,26.3737678527832,15,MYD88,IRAK1
TRUE,2.24457916445595,2.67357492446899,P61161,P61161,Actin-related protein 2,Actr2,"Color2 [A=255, R=169, G=169, B=169]",1,4,NA,NA,NA,NA,14,44.76,16,4,4,4,4,21.4192695617676,21.3069686889648,22.0011692047119,21.602668762207,21.4567680358887,21.2260684967041,20.8445682525635,21.3147678375244,21.1723690032959,20.7982692718506,20.5838680267334,20.9199695587158,17.1390686035156,19.2331695556641,19.2413692474365,20.0221691131592,15,MYD88,IRAK1
TRUE,3.31665918049867,3.81102514266968,P62046,P62046,Leucine-rich repeat and calponin homology domain-containing protein 1,Lrch1,"Color2 [A=255, R=169, G=169, B=169]",1,4,NA,NA,NA,NA,16,79.075,16,4,4,4,4,17.685567855835,18.2225685119629,18.1359691619873,17.9379692077637,16.5173683166504,16.3680686950684,16.6225681304932,16.890869140625,16.3140678405762,16.3411693572998,15.9824686050415,16.0665683746338,13.0913686752319,13.66916847229,14.3533687591553,15.6240682601929,15,MYD88,IRAK1
TRUE,2.58407628797219,1.78819990158081,P62137,P62137,Serine/threonine-protein phosphatase PP1-alpha catalytic subunit,Ppp1ca,"Color2 [A=255, R=169, G=169, B=169]",1,4,NA,NA,NA,NA,18,37.54,16,4,4,4,4,22.0383682250977,22.2323684692383,22.3520679473877,22.4582691192627,21.6051692962646,21.5761680603027,21.2142696380615,21.4571685791016,20.8620681762695,20.5726680755615,20.3000679016113,20.7078685760498,19.4811687469482,20.581169128418,20.7636680603027,21.1022682189941,15,MYD88,IRAK1
TRUE,4.11158506634083,2.11769962310791,P62141,P62141,Serine/threonine-protein phosphatase PP1-beta catalytic subunit,Ppp1cb,"Color2 [A=255, R=169, G=169, B=169]",1,4,NA,NA,NA,NA,18,37.186,16,4,4,4,4,20.6805686950684,21.0916690826416,21.3409690856934,21.0448684692383,19.8254680633545,20.0547695159912,19.696268081665,20.2529678344727,20.0020694732666,19.4947681427002,18.903169631958,19.6423683166504,18.6662693023682,18.8201694488525,18.7584686279297,19.4423694610596,15,MYD88,IRAK1
TRUE,3.02156353883249,1.99559998512268,P62835;Q99JI6,P62835;Q99JI6,Ras-related protein Rap-1A;Ras-related protein Rap-1b,Rap1a;Rap1b,"Color2 [A=255, R=169, G=169, B=169]",1,4,NA,NA,NA,NA,4,20.987,16,4,4,4,4,18.0474681854248,17.8186683654785,18.9615688323975,18.28346824646,17.4922695159912,17.495569229126,18.1249694824219,17.687068939209,17.6335678100586,17.5279693603516,16.6324691772461,18.1382694244385,15.8987684249878,16.1147689819336,16.1953678131104,16.9198684692383,15,MYD88,IRAK1
TRUE,3.82484462120127,1.82817530632019,P62880;P29387,P62880,Guanine nucleotide-binding protein G(I)/G(S)/G(T) subunit beta-2,Gnb2,"Color2 [A=255, R=169, G=169, B=169]",1,4,NA,NA,NA,NA,7,37.331,16,4,4,4,4,16.5174694061279,17.3205680847168,17.4498691558838,17.1499691009521,17.1553688049316,17.0588684082031,16.6967678070068,16.5817680358887,16.3852691650391,15.8947687149048,15.8780689239502,16.7588691711426,15.4264688491821,15.2516689300537,15.1232681274414,15.3237686157227,15,MYD88,IRAK1
TRUE,3.09350960387699,2.75472497940063,P63094;Q6R0H7;Q8CGK7,P63094;Q6R0H7;Q8CGK7,Guanine nucleotide-binding protein G(s) subunit alpha isoforms short;Guanine nucleotide-binding protein G(s) subunit alpha isoforms XLas;Guanine nucleotide-binding protein G(olf) subunit alpha,Gnas;Gnal,"Color2 [A=255, R=169, G=169, B=169]",1,4,NA,NA,NA,NA,4,45.663,16,4,4,4,4,13.964768409729,14.2040691375732,14.2697687149048,13.7041692733765,14.0054683685303,14.0430688858032,11.6498689651489,11.8874683380127,11.5670690536499,13.6649684906006,13.2445688247681,13.192268371582,10.0229692459106,11.540168762207,11.6894683837891,11.8712692260742,15,MYD88,IRAK1
TRUE,2.41728170878923,2.99622535705566,P68033;P63268;P62737;P68134,P68033;P63268;P62737;P68134,"Actin, alpha cardiac muscle 1;Actin, gamma-enteric smooth muscle;Actin, aortic smooth muscle;Actin, alpha skeletal muscle",Actc1;Actg2;Acta2;Acta1,"Color2 [A=255, R=169, G=169, B=169]",1,4,NA,NA,NA,NA,17,42.019,16,4,4,4,4,24.8704681396484,25.4064693450928,25.6480693817139,24.8276691436768,25.0607681274414,22.4631690979004,22.7052688598633,23.5991687774658,23.5821685791016,23.5556678771973,23.135669708252,23.9354686737061,20.625768661499,21.9357681274414,22.60426902771,23.6019687652588,15,MYD88,IRAK1
TRUE,1.31661894213586,3.21775317192078,P70315,P70315,Wiskott-Aldrich syndrome protein homolog,Was,"Color2 [A=255, R=169, G=169, B=169]",1,4,NA,NA,NA,NA,3,54.191,15,4,4,4,3,14.3826684951782,12.7673692703247,14.8896684646606,14.9147682189941,15.3315687179565,10.9859685897827,14.0987691879272,14.7390689849854,13.9763689041138,14.318868637085,14.0568685531616,12.4827690124512,NA,8.59395885467529,11.4516687393188,13.0169687271118,15,MYD88,IRAK1
TRUE,3.03690856336977,2.91957521438599,P97434,P97434,Myosin phosphatase Rho-interacting protein,Mprip,"Color2 [A=255, R=169, G=169, B=169]",1,4,NA,NA,NA,NA,52,116.41,16,4,4,4,4,20.3711681365967,20.66796875,20.9780693054199,20.8134689331055,20.2560691833496,20.0546684265137,19.9347686767578,20.1214694976807,20.1736679077148,19.7656688690186,19.5117683410645,19.8979682922363,16.4904689788818,18.0671691894531,17.9040679931641,18.6906681060791,15,MYD88,IRAK1
TRUE,2.77442494956288,2.38542008399963,Q04690,Q04690,Neurofibromin,Nf1,"Color2 [A=255, R=169, G=169, B=169]",1,4,NA,NA,NA,NA,3,319.59,16,4,4,4,4,12.0778684616089,12.3750686645508,13.4926691055298,12.7396688461304,12.2034692764282,12.8051691055298,7.63295841217041,13.3293685913086,12.0323686599731,12.3768692016602,11.1306686401367,12.933069229126,9.89756870269775,10.6599683761597,9.60708904266357,10.9789686203003,15,MYD88,IRAK1
TRUE,3.38109430935544,3.53282499313354,Q2KN98,Q2KN98,Cytospin-A,Specc1l,"Color2 [A=255, R=169, G=169, B=169]",1,4,NA,NA,NA,NA,30,124.49,16,4,4,4,4,18.4731693267822,19.0878677368164,19.3639678955078,19.5864677429199,17.851469039917,17.5634689331055,17.9283676147461,18.7191696166992,18.3361682891846,17.4956684112549,17.2498683929443,17.1071681976318,14.4268684387207,15.925968170166,15.5061683654785,16.521167755127,15,MYD88,IRAK1
TRUE,2.09401707343146,2.00022459030151,Q3THE2,Q3THE2,Myosin regulatory light chain 12B,Myl12b,"Color2 [A=255, R=169, G=169, B=169]",1,4,NA,NA,NA,NA,12,19.779,16,4,4,4,4,23.8632678985596,23.8191680908203,24.1891689300537,23.4942684173584,24.3282680511475,23.8683681488037,23.699068069458,23.9162693023682,23.5932693481445,23.4903678894043,23.0125694274902,24.2623691558838,20.5287685394287,21.9640693664551,21.9456691741943,22.9264678955078,15,MYD88,IRAK1
TRUE,4.42096360068418,1.88967490196228,Q3UWW6,Q3UWW6,GAS2-like protein 3,Gas2l3,"Color2 [A=255, R=169, G=169, B=169]",1,4,NA,NA,NA,NA,4,74.234,16,4,4,4,4,14.3095684051514,14.410569190979,14.6416683197021,14.5905685424805,14.2197685241699,11.9569692611694,13.5528688430786,13.5978689193726,13.9343690872192,11.4628686904907,12.7136688232422,13.1013689041138,12.2438688278198,12.9035692214966,12.4261684417725,12.820068359375,15,MYD88,IRAK1
TRUE,4.94641985927606,4.4923243522644,Q4VAC9,Q4VAC9,Pleckstrin homology domain-containing family G member 3,Plekhg3,"Color2 [A=255, R=169, G=169, B=169]",1,4,NA,NA,NA,NA,17,148.52,16,4,4,4,4,16.1231689453125,16.4686679840088,16.9775676727295,16.9031677246094,15.278468132019,14.6435689926147,14.8510684967041,15.3276681900024,14.2860689163208,14.2633686065674,13.8149690628052,13.9341688156128,12.0413684844971,11.3850688934326,12.5590686798096,12.5177688598633,15,MYD88,IRAK1
TRUE,2.18661317925461,2.60397481918335,Q5EG47,Q5EG47,5-AMP-activated protein kinase catalytic subunit alpha-1,Prkaa1,"Color2 [A=255, R=169, G=169, B=169]",1,4,NA,NA,NA,NA,3,63.928,16,4,4,4,4,12.8370685577393,13.5197687149048,12.5736684799194,13.4310684204102,12.4849691390991,13.3608684539795,11.2899684906006,11.7093687057495,12.0322685241699,12.4054689407349,11.5685691833496,12.0176687240601,9.55256843566895,10.3399686813354,9.84736919403076,12.2057685852051,15,MYD88,IRAK1
TRUE,3.39230708432304,2.55225038528442,Q5SUA5;Q5SYD0,Q5SUA5,Unconventional myosin-Ig,Myo1g,"Color2 [A=255, R=169, G=169, B=169]",1,4,NA,NA,NA,NA,51,117.23,16,4,4,4,4,22.4344692230225,22.8108692169189,23.171968460083,22.760368347168,22.0065689086914,22.1628684997559,21.9339694976807,22.1087684631348,21.7334690093994,21.5097694396973,21.2432689666748,21.6316680908203,19.3258686065674,20.4674682617188,20.2987689971924,20.8765678405762,15,MYD88,IRAK1
TRUE,3.41142914229599,3.88934946060181,Q5SW75,Q5SW75,Protein phosphatase Slingshot homolog 2,Ssh2,"Color2 [A=255, R=169, G=169, B=169]",1,4,NA,NA,NA,NA,16,158.23,16,4,4,4,4,15.221568107605,15.7214689254761,16.1475677490234,15.9187688827515,13.9581689834595,14.6943683624268,13.6301689147949,14.1188688278198,14.5808687210083,13.7172689437866,13.8691692352295,14.3959684371948,10.9870691299438,12.9910688400269,12.4608688354492,11.0129690170288,15,MYD88,IRAK1
TRUE,2.79636913112339,3.2827000617981,Q5SXY1,Q5SXY1,Cytospin-B,Specc1,"Color2 [A=255, R=169, G=169, B=169]",1,4,NA,NA,NA,NA,16,118.1,16,4,4,4,4,16.8715686798096,17.1889686584473,17.8875694274902,17.4323692321777,16.5673694610596,15.7804689407349,16.309268951416,17.0881690979004,16.5423679351807,15.9057683944702,14.9153690338135,15.6623687744141,12.6670684814453,14.1935691833496,13.9694690704346,15.4195690155029,15,MYD88,IRAK1
TRUE,2.45049174994469,2.71947526931763,Q60605,Q60605,Myosin light polypeptide 6,Myl6,"Color2 [A=255, R=169, G=169, B=169]",1,4,NA,NA,NA,NA,7,16.93,16,4,4,4,4,23.5860691070557,23.968469619751,23.3688678741455,22.3385696411133,23.1947689056396,22.515869140625,23.1096687316895,23.0745697021484,22.6522693634033,22.2152690887451,22.6549682617188,23.4745693206787,19.5897693634033,20.2105693817139,20.7734680175781,21.8102684020996,15,MYD88,IRAK1
TRUE,1.37237228179461,2.72739934921265,Q61074,Q61074,Protein phosphatase 1G,Ppm1g,"Color2 [A=255, R=169, G=169, B=169]",1,4,NA,NA,NA,NA,2,58.727,12,4,2,2,4,13.3293685913086,14.0096683502197,16.6088676452637,11.9994688034058,15.3244686126709,11.8140687942505,NA,NA,13.9538688659668,13.9504690170288,NA,NA,11.0787687301636,11.3003692626953,10.2733688354492,12.3852691650391,15,MYD88,IRAK1
TRUE,3.24133197935271,1.64139938354492,Q61210,Q61210,Rho guanine nucleotide exchange factor 1,Arhgef1,"Color2 [A=255, R=169, G=169, B=169]",1,4,NA,NA,NA,NA,11,102.8,16,4,4,4,4,15.5162687301636,16.075267791748,15.8882684707642,15.9976682662964,15.8611688613892,15.6104688644409,15.0943689346313,15.9697685241699,15.6921682357788,15.0739688873291,15.1031684875488,15.4364681243896,13.7089691162109,14.7233686447144,14.0993690490723,14.3801689147949,15,MYD88,IRAK1
TRUE,1.82082150375317,2.27572464942932,Q61214;Q9Z188,Q61214,Dual specificity tyrosine-phosphorylation-regulated kinase 1A,Dyrk1a,"Color2 [A=255, R=169, G=169, B=169]",1,4,NA,NA,NA,NA,4,85.493,16,4,4,4,4,14.3266687393188,16.7211685180664,15.1810684204102,14.9560689926147,13.2442684173584,12.9715690612793,14.4689683914185,14.0496692657471,14.4963684082031,13.203369140625,13.9476690292358,12.0942687988281,11.868968963623,13.5095691680908,12.8043689727783,13.8991689682007,15,MYD88,IRAK1
TRUE,3.56268278348558,2.75892472267151,Q61233;Q99K51;Q3V0K9,Q61233,Plastin-2,Lcp1,"Color2 [A=255, R=169, G=169, B=169]",1,4,NA,NA,NA,NA,17,70.148,16,4,4,4,4,17.3993682861328,17.4025688171387,17.9666690826416,17.2935676574707,17.0610694885254,16.5736694335938,15.9593687057495,16.4595680236816,16.3174686431885,16.1878681182861,15.8997688293457,16.4235687255859,14.655068397522,14.6947689056396,14.0375690460205,15.6390686035156,15,MYD88,IRAK1
TRUE,2.54970675630719,1.8689751625061,Q61411;P32883;P08556,Q61411;P32883;P08556,"GTPase HRas;GTPase HRas, N-terminally processed;GTPase KRas;GTPase KRas, N-terminally processed;GTPase NRas",Hras;Kras;Nras,"Color2 [A=255, R=169, G=169, B=169]",1,4,NA,NA,NA,NA,6,21.298,16,4,4,4,4,17.2668685913086,16.6191692352295,17.6660690307617,17.0760688781738,17.16676902771,19.7046680450439,19.5693683624268,17.2843685150146,20.5083694458008,20.6116695404053,18.4608688354492,20.1314678192139,14.3380689620972,15.5872688293457,15.5735683441162,15.6533689498901,15,MYD88,IRAK1
TRUE,2.16884430906227,2.20249962806702,Q61503,Q61503,5-nucleotidase,Nt5e,"Color2 [A=255, R=169, G=169, B=169]",1,4,NA,NA,NA,NA,9,63.864,16,4,4,4,4,17.0322685241699,17.0661678314209,17.6748676300049,17.6142692565918,17.8631687164307,18.1692676544189,17.1139678955078,18.15846824646,17.2589683532715,17.0646686553955,16.3878688812256,17.1791687011719,13.7182683944702,15.6812686920166,15.0956687927246,16.082368850708,15,MYD88,IRAK1
TRUE,1.81724365638566,-2.35755014419556,Q61550;A2AU37,Q61550,Double-strand-break repair protein rad21 homolog,Rad21,"Color2 [A=255, R=169, G=169, B=169]",1,4,NA,NA,NA,NA,5,72.082,16,4,4,4,4,11.5078687667847,13.8115692138672,11.780068397522,11.0525684356689,11.3927688598633,14.8111686706543,11.7671689987183,15.7594690322876,12.6360683441162,12.1418685913086,13.0193691253662,13.4383687973022,14.0193691253662,14.6056690216064,15.2674684524536,13.6897687911987,15,MYD88,IRAK1
TRUE,2.27883375278303,2.27220010757446,Q62261;P15508,Q62261,"Spectrin beta chain, non-erythrocytic 1",Sptbn1,"Color2 [A=255, R=169, G=169, B=169]",1,4,NA,NA,NA,NA,83,274.22,16,4,4,4,4,19.3190689086914,20.0096683502197,20.1766681671143,19.6851692199707,18.8239688873291,19.0039691925049,18.549768447876,18.8261680603027,18.2757682800293,18.2664680480957,18.3151683807373,18.2463684082031,16.1136684417725,17.8237686157227,17.7178688049316,18.4464683532715,15,MYD88,IRAK1
TRUE,2.15848500792937,3.6938099861145,Q62417,Q62417,Sorbin and SH3 domain-containing protein 1,Sorbs1,"Color2 [A=255, R=169, G=169, B=169]",1,4,NA,NA,NA,NA,3,143.07,10,4,3,1,2,10.5617685317993,11.8153686523438,11.8447685241699,12.5906686782837,10.2360887527466,9.11566925048828,NA,10.4231691360474,9.2643985748291,NA,NA,NA,7.432448387146,8.58621883392334,NA,NA,15,MYD88,IRAK1
TRUE,2.36544647245917,2.84032487869263,Q64331,Q64331,Unconventional myosin-VI,Myo6,"Color2 [A=255, R=169, G=169, B=169]",1,4,NA,NA,NA,NA,25,146.41,16,4,4,4,4,17.8671684265137,18.2517681121826,18.7342681884766,18.6124687194824,17.8535690307617,17.9082679748535,17.8629684448242,18.2755680084229,17.969669342041,17.2674694061279,17.1941680908203,17.3844680786133,13.8183689117432,15.7820682525635,15.8125686645508,16.6913681030273,15,MYD88,IRAK1
TRUE,1.8688144501624,1.91425013542175,Q69Z99,Q69Z99,Zinc finger protein 512,Znf512,"Color2 [A=255, R=169, G=169, B=169]",1,4,NA,NA,NA,NA,5,63.908,16,4,4,4,4,13.9729690551758,15.6370687484741,16.0616683959961,14.1527690887451,14.3003692626953,12.9975690841675,14.5357685089111,15.2183685302734,13.2219686508179,15.1386690139771,15.0884685516357,12.339768409729,13.3468685150146,12.983868598938,12.5606689453125,13.276068687439,15,MYD88,IRAK1
TRUE,1.46197958694157,2.17843333880107,Q69ZF8,Q69ZF8,E3 ubiquitin-protein ligase MSL2,Msl2,"Color2 [A=255, R=169, G=169, B=169]",1,4,NA,NA,NA,NA,2,62.537,11,4,2,2,3,12.8140687942505,12.4895687103271,13.36496925354,12.5224685668945,12.7293691635132,NA,12.6705684661865,NA,11.8575687408447,NA,NA,11.8659687042236,12.332968711853,9.74796867370605,NA,9.77706909179688,15,MYD88,IRAK1
TRUE,3.0948145324362,2.26979994773865,Q6A0D4,Q6A0D4,Raftlin,Rftn1,"Color2 [A=255, R=169, G=169, B=169]",1,4,NA,NA,NA,NA,6,61.536,16,4,4,4,4,14.7376689910889,15.4535684585571,14.8109683990479,15.5014686584473,15.2496681213379,15.1161689758301,15.6465682983398,15.9523687362671,15.0941686630249,15.1834688186646,14.2346687316895,15.1308689117432,12.187668800354,13.5394687652588,12.540168762207,13.1571683883667,15,MYD88,IRAK1
TRUE,1.76346412905772,2.05942463874817,Q6IRU2,Q6IRU2,Tropomyosin alpha-4 chain,Tpm4,"Color2 [A=255, R=169, G=169, B=169]",1,4,NA,NA,NA,NA,9,28.467,16,4,4,4,4,17.3151683807373,17.5410690307617,18.5232677459717,16.4424686431885,17.8076686859131,17.2719688415527,17.3103694915771,17.2107677459717,19.3071689605713,18.5434684753418,17.1642684936523,18.9581680297852,15.9045686721802,16.1725692749023,14.0800685882568,15.4270687103271,15,MYD88,IRAK1
TRUE,2.46741023910552,2.58165001869202,Q6PHZ2,Q6PHZ2,Calcium/calmodulin-dependent protein kinase type II subunit delta,Camk2d,"Color2 [A=255, R=169, G=169, B=169]",1,4,NA,NA,NA,NA,8,56.369,16,4,4,4,4,16.5116691589355,16.5545692443848,17.8263683319092,16.4933681488037,15.2666683197021,15.7362689971924,12.9988689422607,12.3107690811157,13.892068862915,14.8468685150146,14.8770685195923,14.1574687957764,13.0883684158325,14.7092685699463,14.1182689666748,15.1434688568115,15,MYD88,IRAK1
TRUE,4.7991882629528,4.41464996337891,Q6R891,Q6R891,Neurabin-2,Ppp1r9b,"Color2 [A=255, R=169, G=169, B=169]",1,4,NA,NA,NA,NA,17,89.519,16,4,4,4,4,19.738468170166,19.8232688903809,20.818868637085,20.4977684020996,18.6954689025879,18.6498680114746,18.5519676208496,18.1865692138672,18.138069152832,17.5661678314209,17.5985679626465,17.3480682373047,15.0991687774658,15.9991683959961,16.0504684448242,16.0709686279297,15,MYD88,IRAK1
TRUE,2.59404862679138,2.44347524642944,Q6URW6,Q6URW6,Myosin-14,Myh14,"Color2 [A=255, R=169, G=169, B=169]",1,4,NA,NA,NA,NA,14,228.58,16,4,4,4,4,19.3683681488037,19.725269317627,20.2377681732178,19.743968963623,20.5338687896729,17.5560684204102,19.4615688323975,20.5066680908203,20.322868347168,19.8146686553955,19.7522678375244,19.9169692993164,16.0719680786133,17.4824676513672,17.4671688079834,18.2798690795898,15,MYD88,IRAK1
TRUE,4.8864660347546,3.24642539024353,Q6V595,Q6V595,Kelch-like protein 6,Klhl6,"Color2 [A=255, R=169, G=169, B=169]",1,4,NA,NA,NA,NA,16,70.19,16,4,4,4,4,17.8551692962646,17.5567684173584,17.6839694976807,17.6487693786621,15.1942682266235,15.651668548584,16.3659687042236,14.6358690261841,15.3712682723999,15.2022686004639,14.6283683776855,15.0030689239502,13.7262687683105,14.7223682403564,14.5445690155029,14.7657690048218,15,MYD88,IRAK1
TRUE,1.22584481574605,2.47494959831238,Q6ZQ38,Q6ZQ38,Cullin-associated NEDD8-dissociated protein 1,Cand1,"Color2 [A=255, R=169, G=169, B=169]",1,4,NA,NA,NA,NA,5,136.33,16,4,4,4,4,16.5593681335449,13.2728691101074,17.2207679748535,16.771068572998,16.1367683410645,16.9959678649902,15.5957689285278,16.5718688964844,15.671368598938,15.2515687942505,15.5296688079834,16.075569152832,12.1815690994263,13.2650690078735,13.5511684417725,14.9264688491821,15,MYD88,IRAK1
TRUE,4.05156623076581,4.18354988098145,Q76I79,Q76I79,Protein phosphatase Slingshot homolog 1,Ssh1,"Color2 [A=255, R=169, G=169, B=169]",1,4,NA,NA,NA,NA,12,115.3,16,4,4,4,4,15.5745687484741,15.6831684112549,16.2717685699463,16.2231693267822,14.6610689163208,14.780068397522,13.9724683761597,14.3932685852051,14.4820690155029,14.6743688583374,13.5680685043335,14.0391683578491,11.0446691513062,11.5822687149048,11.4445686340332,12.9469690322876,15,MYD88,IRAK1
TRUE,4.07253859751996,3.36289978027344,Q7TPR4;O88990,Q7TPR4,Alpha-actinin-1,Actn1,"Color2 [A=255, R=169, G=169, B=169]",1,4,NA,NA,NA,NA,41,103.07,16,4,4,4,4,19.9701690673828,20.4918689727783,20.7097682952881,20.6630687713623,19.4787693023682,19.2059688568115,19.5413684844971,18.9953689575195,18.9250679016113,18.771068572998,18.091968536377,18.4402694702148,16.2189693450928,17.3830680847168,17.0897693634033,17.6914691925049,15,MYD88,IRAK1
TRUE,2.29642392430295,3.74425005912781,Q80U72,Q80U72,Protein scribble homolog,Scrib,"Color2 [A=255, R=169, G=169, B=169]",1,4,NA,NA,NA,NA,9,174.06,16,4,4,4,4,14.2769689559937,14.573468208313,14.7376689910889,14.3102684020996,13.646068572998,13.3865690231323,13.5979690551758,13.6859683990479,13.6311683654785,13.5500688552856,13.0778684616089,13.1908683776855,8.53326892852783,11.0764684677124,10.591968536377,12.7196683883667,15,MYD88,IRAK1
TRUE,3.68273310391914,5.14173483848572,Q80X90,Q80X90,Filamin-B,Flnb,"Color2 [A=255, R=169, G=169, B=169]",1,4,NA,NA,NA,NA,26,277.82,16,4,4,4,4,14.7150688171387,14.3809690475464,16.4975681304932,15.8915681838989,12.7326688766479,13.2289686203003,11.6708688735962,12.706768989563,11.549768447876,11.7629690170288,10.3980684280396,14.5905685424805,10.8310689926147,9.01008892059326,10.5763683319092,10.5007085800171,15,MYD88,IRAK1
TRUE,2.89075998248143,4.041255235672,Q80XI1,Q80XI1,F-box only protein 34,Fbxo34,"Color2 [A=255, R=169, G=169, B=169]",1,4,NA,NA,NA,NA,2,77.137,13,4,3,4,2,12.6274690628052,11.9406690597534,13.0684690475464,13.3463687896729,12.3518686294556,NA,10.6973686218262,10.6822690963745,10.5502691268921,10.711368560791,9.86377906799316,10.4969692230225,NA,NA,8.37789916992188,9.03107833862305,15,MYD88,IRAK1
TRUE,2.31437254614983,2.72460031509399,Q80Y19,Q80Y19,Rho GTPase-activating protein 11A,Arhgap11a,"Color2 [A=255, R=169, G=169, B=169]",1,4,NA,NA,NA,NA,17,108.43,16,4,4,4,4,16.648868560791,17.189868927002,17.5107688903809,17.476469039917,16.4420680999756,16.2560691833496,16.1495685577393,16.1744689941406,15.8673686981201,15.3517684936523,15.0571689605713,15.2286682128906,12.8615684509277,15.6689682006836,14.4604692459106,14.9365682601929,15,MYD88,IRAK1
TRUE,2.15643951706417,6.76410055160522,Q8BFZ3,Q8BFZ3,Beta-actin-like protein 2,Actbl2,"Color2 [A=255, R=169, G=169, B=169]",1,4,NA,NA,NA,NA,10,42.004,16,4,4,4,4,24.7353687286377,25.0927696228027,25.279468536377,25.0981693267822,25.0369682312012,25.151668548584,21.0292682647705,25.4046688079834,25.1622695922852,24.488468170166,24.3347682952881,24.4717693328857,15.6595687866211,16.9334678649902,23.2097682952881,17.3465690612793,15,MYD88,IRAK1
TRUE,4.7216417037905,3.25904989242554,Q8BG67;Q6ZQ18,Q8BG67,Protein EFR3 homolog A,Efr3a,"Color2 [A=255, R=169, G=169, B=169]",1,4,NA,NA,NA,NA,13,92.612,16,4,4,4,4,15.851469039917,16.4869689941406,15.9195690155029,16.9025688171387,15.5150690078735,15.6732683181763,14.7546682357788,16.2798690795898,15.2521686553955,14.7555685043335,14.9496688842773,15.5091686248779,12.9273691177368,13.3008689880371,12.8388690948486,13.0572690963745,15,MYD88,IRAK1
TRUE,1.58584394508909,3.41828012466431,Q8BG95,Q8BG95,Protein phosphatase 1 regulatory subunit 12B,Ppp1r12b,"Color2 [A=255, R=169, G=169, B=169]",1,4,NA,NA,NA,NA,6,109.05,13,4,4,3,2,11.10546875,14.0321683883667,13.7213687896729,12.6934690475464,10.4741086959839,9.99348926544189,10.2165985107422,9.7666187286377,10.9744691848755,10.2288684844971,NA,8.71213912963867,9.42716884613037,NA,NA,9.51250839233398,15,MYD88,IRAK1
TRUE,3.37213789576477,3.5593163172404,Q8BGE7,Q8BGE7,Tripartite motif-containing protein 6,Trim6,"Color2 [A=255, R=169, G=169, B=169]",1,4,NA,NA,NA,NA,1,56.152,15,4,4,4,3,13.9796686172485,14.8068685531616,14.9808683395386,14.4982690811157,14.0161685943604,13.9120683670044,14.5570688247681,14.4098691940308,13.3587684631348,13.0318689346313,13.1323690414429,13.3109683990479,10.3473691940308,10.9122686386108,11.7616691589355,NA,15,MYD88,IRAK1
TRUE,4.34133235267773,3.67657494544983,Q8BH44,Q8BH44,Coronin-2B,Coro2b,"Color2 [A=255, R=169, G=169, B=169]",1,4,NA,NA,NA,NA,13,54.936,16,4,4,4,4,18.5697689056396,18.4873676300049,19.0725688934326,18.2978687286377,17.9041690826416,17.6833686828613,17.4445686340332,17.1836681365967,16.5721683502197,16.5301685333252,16.4271678924561,17.1865692138672,14.2339687347412,15.502968788147,14.5780687332153,15.406268119812,15,MYD88,IRAK1
TRUE,2.57724570994538,1.58629989624023,Q8BKX1,Q8BKX1,Brain-specific angiogenesis inhibitor 1-associated protein 2,Baiap2,"Color2 [A=255, R=169, G=169, B=169]",1,4,NA,NA,NA,NA,8,59.236,16,4,4,4,4,14.7031688690186,15.724268913269,15.3220682144165,15.2111682891846,13.9041690826416,14.5282688140869,14.2146692276001,13.9586687088013,14.086968421936,12.6862688064575,12.1687688827515,14.1650686264038,13.3509683609009,14.1005687713623,14.036768913269,13.1271686553955,15,MYD88,IRAK1
TRUE,1.2052180958363,-4.98337666193644,Q8BLN6,Q8BLN6,Protein unc-80 homolog,Unc80,"Color2 [A=255, R=169, G=169, B=169]",1,4,NA,NA,NA,NA,3,363.5,13,3,2,4,4,9.26403903961182,NA,10.9436683654785,17.1617679595947,NA,16.7443695068359,10.8753690719604,NA,17.0307693481445,16.8334693908691,16.3750686645508,16.9296684265137,17.7278690338135,16.6505680084229,16.7430686950684,18.6379680633545,15,MYD88,IRAK1
TRUE,3.62781050346845,3.92775058746338,Q8BQ30,Q8BQ30,Phostensin,Ppp1r18,"Color2 [A=255, R=169, G=169, B=169]",1,4,NA,NA,NA,NA,19,65.629,16,4,4,4,4,19.3108692169189,19.8736686706543,20.0983695983887,20.1415691375732,18.7986679077148,18.6678695678711,19.5796680450439,18.254768371582,17.2335681915283,17.1819686889648,17.3650684356689,17.1761684417725,14.6567687988281,16.2701683044434,15.9209690093994,16.8655681610107,15,MYD88,IRAK1
TRUE,1.85506771866224,1.79769992828369,Q8BTH8;Q8C4X2;Q8BVP5,Q8BTH8;Q8C4X2;Q8BVP5,Casein kinase I isoform gamma-1;Casein kinase I isoform gamma-3;Casein kinase I isoform gamma-2,Csnk1g1;Csnk1g3;Csnk1g2,"Color2 [A=255, R=169, G=169, B=169]",1,4,NA,NA,NA,NA,6,52.743,16,4,4,4,4,14.6242685317993,14.8315687179565,16.1926689147949,15.6284685134888,15.523268699646,15.5730686187744,14.8677682876587,15.4948682785034,15.1092681884766,14.8187685012817,14.0520687103271,14.8923683166504,12.622368812561,13.6125688552856,13.3905687332153,14.4606685638428,15,MYD88,IRAK1
TRUE,3.32508283218266,2.5623254776001,Q8BTM8,Q8BTM8,Filamin-A,Flna,"Color2 [A=255, R=169, G=169, B=169]",1,4,NA,NA,NA,NA,80,281.22,16,4,4,4,4,19.3082695007324,19.6789684295654,19.9360694885254,19.6831684112549,18.950267791748,18.7445678710938,18.6169681549072,18.9839687347412,18.5148677825928,18.494068145752,18.2127685546875,18.510368347168,16.1617679595947,17.2898693084717,17.059268951416,17.8462677001953,15,MYD88,IRAK1
TRUE,3.16868622205525,3.38054943084717,Q8BVU0,Q8BVU0,Leucine-rich repeat and calponin homology domain-containing protein 3,Lrch3,"Color2 [A=255, R=169, G=169, B=169]",1,4,NA,NA,NA,NA,13,86.34,16,4,4,4,4,16.2346687316895,16.6036682128906,17.4089679718018,16.5360679626465,15.4889688491821,16.1316680908203,16.1541690826416,16.0583686828613,15.861668586731,15.2082681655884,14.2186689376831,15.3406686782837,12.1614685058594,13.1461687088013,13.562068939209,14.39146900177,15,MYD88,IRAK1
TRUE,4.41850083018157,4.09274935722351,Q8C0T5,Q8C0T5,Signal-induced proliferation-associated 1-like protein 1,Sipa1l1,"Color2 [A=255, R=169, G=169, B=169]",1,4,NA,NA,NA,NA,50,197.03,16,4,4,4,4,18.901668548584,18.9599685668945,19.2811679840088,19.4264678955078,17.5412693023682,17.4215679168701,17.0319690704346,17.2410678863525,16.286169052124,16.2390689849854,16.6117687225342,16.5360679626465,13.9820690155029,15.2755689620972,15.4953689575195,15.4452686309814,15,MYD88,IRAK1
TRUE,3.5151804793994,2.80527520179749,Q8C147,Q8C147,Dedicator of cytokinesis protein 8,Dock8,"Color2 [A=255, R=169, G=169, B=169]",1,4,NA,NA,NA,NA,60,238.98,16,4,4,4,4,19.2147693634033,19.4180679321289,19.7393684387207,19.646068572998,18.6784687042236,18.4665679931641,18.7090682983398,18.890869140625,18.4001693725586,18.2242679595947,18.0420684814453,18.1701679229736,15.7492685317993,16.8709678649902,16.6960678100586,17.4808692932129,15,MYD88,IRAK1
TRUE,4.21732551452698,4.76241707801819,Q8C7U1,Q8C7U1,NEDD4-binding protein 3,N4bp3,"Color2 [A=255, R=169, G=169, B=169]",1,4,NA,NA,NA,NA,6,60.042,16,4,4,4,4,14.8094682693481,15.1644687652588,15.4514684677124,15.4996681213379,13.6654691696167,13.2933683395386,13.8704690933228,13.9943685531616,13.1259689331055,12.6334686279297,12.7956686019897,13.1721687316895,9.1457691192627,11.0603685379028,11.0522689819336,10.6169986724854,15,MYD88,IRAK1
TRUE,3.40961198972352,4.40887451171875,Q8CC35,Q8CC35,Synaptopodin,Synpo,"Color2 [A=255, R=169, G=169, B=169]",1,4,NA,NA,NA,NA,7,99.55,16,4,4,4,4,15.8309688568115,15.7934684753418,16.3462677001953,15.6473684310913,13.7348690032959,13.1171684265137,13.2592687606812,13.5288686752319,12.2367687225342,11.8539686203003,13.1872692108154,13.2185688018799,9.71836853027344,12.2339687347412,12.2307691574097,11.7994689941406,15,MYD88,IRAK1
TRUE,2.35556346085131,-2.44047021865845,Q8CFI5,Q8CFI5,"Probable proline--tRNA ligase, mitochondrial",Pars2,"Color2 [A=255, R=169, G=169, B=169]",1,4,NA,NA,NA,NA,3,53.517,11,3,3,1,4,9.93536853790283,NA,9.70649909973145,10.1434783935547,10.5018892288208,9.90359878540039,12.5849685668945,NA,NA,NA,NA,8.64444923400879,12.3860683441162,13.3339691162109,11.3290691375732,12.4265689849854,15,MYD88,IRAK1
TRUE,2.30233854548286,2.71256232261658,Q8K298,Q8K298,Actin-binding protein anillin,Anln,"Color2 [A=255, R=169, G=169, B=169]",1,4,NA,NA,NA,NA,7,122.79,16,4,4,4,4,13.8412685394287,14.438268661499,14.4650688171387,13.8248691558838,12.3484687805176,11.8832683563232,10.9954690933228,13.7907686233521,13.3883686065674,13.2684688568115,12.0167684555054,12.8944692611694,11.2592687606812,9.79191875457764,12.3656692504883,12.3023691177368,15,MYD88,IRAK1
TRUE,2.95425189988897,3.56482481956482,Q8K4G5,Q8K4G5,Actin-binding LIM protein 1,Ablim1,"Color2 [A=255, R=169, G=169, B=169]",1,4,NA,NA,NA,NA,13,96.804,16,4,4,4,4,16.5289688110352,16.3815689086914,17.0873680114746,16.6124687194824,15.9988689422607,15.6455688476563,13.6578683853149,14.32776927948,14.7770681381226,14.8347682952881,14.1607685089111,14.8343687057495,11.4693689346313,13.3507690429688,13.2245683670044,14.3063688278198,15,MYD88,IRAK1
TRUE,3.30948163260984,3.34669971466064,Q8K4L3,Q8K4L3,Supervillin,Svil,"Color2 [A=255, R=169, G=169, B=169]",1,4,NA,NA,NA,NA,75,243.16,16,4,4,4,4,21.0774688720703,21.4392681121826,21.7638683319092,21.6068687438965,20.8179683685303,20.5754680633545,20.5961685180664,20.8174686431885,20.3140678405762,19.8359680175781,19.7977695465088,19.8703689575195,16.7648677825928,18.3784694671631,18.4459686279297,18.9113693237305,15,MYD88,IRAK1
TRUE,3.54351827359275,3.29779958724976,Q8R4U7,Q8R4U7,Leucine zipper protein 1,Luzp1,"Color2 [A=255, R=169, G=169, B=169]",1,4,NA,NA,NA,NA,21,119.31,16,4,4,4,4,16.5069694519043,16.7991676330566,17.4977684020996,17.0065689086914,15.6266689300537,16.0784683227539,16.0622692108154,15.9400682449341,15.9132690429688,15.3673686981201,15.1102685928345,15.3886690139771,12.7961692810059,13.213568687439,14.2419691085815,14.3675689697266,15,MYD88,IRAK1
TRUE,3.29046220591558,2.64827394485474,Q8VDD5;Q91Z83;Q02566;P13541;A2AQP0,Q8VDD5,Myosin-9,Myh9,"Color2 [A=255, R=169, G=169, B=169]",1,4,NA,NA,NA,NA,155,226.37,16,4,4,4,4,25.5595684051514,25.4323692321777,26.029468536377,25.6496677398682,25.7635688781738,25.4616680145264,25.6607685089111,25.7069683074951,25.8985691070557,25.7320690155029,25.1145687103271,25.6234683990479,22.0724697113037,23.0892696380615,23.034969329834,23.8812694549561,15,MYD88,IRAK1
TRUE,3.29903179661935,3.0014500617981,Q8VDU0,Q8VDU0,G-protein-signaling modulator 2,Gpsm2,"Color2 [A=255, R=169, G=169, B=169]",1,4,NA,NA,NA,NA,10,75.59,16,4,4,4,4,16.2245693206787,16.1119689941406,16.4097690582275,16.7039680480957,16.2190685272217,15.3636684417725,13.4293689727783,14.2812690734863,14.5246686935425,15.0338687896729,14.3053684234619,15.9717683792114,13.4199686050415,12.6384687423706,12.8553686141968,14.5306692123413,15,MYD88,IRAK1
TRUE,1.76508295569082,2.42730498313904,Q91W89,Q91W89,Alpha-mannosidase 2C1,Man2c1,"Color2 [A=255, R=169, G=169, B=169]",1,4,NA,NA,NA,NA,4,115.69,15,4,4,3,4,12.9083690643311,14.6289682388306,12.5139684677124,12.4040689468384,9.21540927886963,12.0200691223145,11.0040683746338,12.4180688858032,9.835768699646,11.2709684371948,NA,10.396068572998,9.41476917266846,11.2561683654785,11.8278684616089,10.2473487854004,15,MYD88,IRAK1
TRUE,2.92400005096057,3.33862519264221,Q91WK0,Q91WK0,Leucine-rich repeat flightless-interacting protein 2,Lrrfip2,"Color2 [A=255, R=169, G=169, B=169]",1,4,NA,NA,NA,NA,9,47.147,16,4,4,4,4,18.7430686950684,19.2777690887451,19.185567855835,18.3957691192627,18.9469680786133,18.3094692230225,18.6817684173584,18.8152694702148,18.0857677459717,17.9194679260254,17.556568145752,18.1363677978516,14.2452688217163,15.4029684066772,15.717568397522,16.8818683624268,15,MYD88,IRAK1
TRUE,3.05590865351855,3.10137462615967,Q91YR1,Q91YR1,Twinfilin-1,Twf1,"Color2 [A=255, R=169, G=169, B=169]",1,4,NA,NA,NA,NA,7,40.079,16,4,4,4,4,17.4695682525635,17.4487686157227,18.4908676147461,17.9571685791016,17.7370681762695,17.1798686981201,17.0475692749023,17.0444679260254,16.7629680633545,16.7978687286377,16.8368682861328,17.9137687683105,13.9431686401367,14.1652688980103,14.9463682174683,15.9060688018799,15,MYD88,IRAK1
TRUE,2.12882015609645,4.32887482643127,Q91YU6,Q91YU6,Leucine zipper putative tumor suppressor 2,Lzts2,"Color2 [A=255, R=169, G=169, B=169]",1,4,NA,NA,NA,NA,7,72.577,15,4,4,3,4,14.3624687194824,13.5825691223145,15.2654685974121,14.7014684677124,12.7468690872192,12.1650686264038,12.368968963623,12.6798686981201,NA,10.3951692581177,10.4356689453125,11.0864686965942,7.51416873931885,10.3624687194824,10.1519689559937,12.5678691864014,15,MYD88,IRAK1
TRUE,2.6011219438878,3.33122324943542,Q91Z67;Q91Z69,Q91Z67,SLIT-ROBO Rho GTPase-activating protein 2,Srgap2,"Color2 [A=255, R=169, G=169, B=169]",1,4,NA,NA,NA,NA,3,120.8,15,4,4,4,3,12.1153688430786,12.5589685440063,12.5535688400269,13.0627689361572,10.7444686889648,10.7591390609741,10.7003688812256,11.1069688796997,11.0172691345215,12.1999683380127,10.8702688217163,12.0940685272217,8.73116874694824,NA,8.4498987197876,10.5432691574097,15,MYD88,IRAK1
TRUE,3.80037940641574,2.94384980201721,Q91ZU6,Q91ZU6,Dystonin,Dst,"Color2 [A=255, R=169, G=169, B=169]",1,4,NA,NA,NA,NA,14,834.21,16,4,4,4,4,11.3116683959961,11.6835689544678,11.5281686782837,11.2100687026978,10.6763687133789,11.0709686279297,9.99995899200439,10.4431791305542,11.375168800354,11.2868690490723,10.6171684265137,11.2483692169189,7.54006862640381,8.59753894805908,8.70824909210205,9.11221885681152,15,MYD88,IRAK1
TRUE,3.08590933264361,3.12032508850098,Q921G6,Q921G6,Leucine-rich repeat and calponin homology domain-containing protein 4,Lrch4,"Color2 [A=255, R=169, G=169, B=169]",1,4,NA,NA,NA,NA,16,73.162,16,4,4,4,4,17.8720684051514,18.2828693389893,18.4436683654785,18.2890682220459,17.5646686553955,17.1422691345215,16.4065685272217,16.828067779541,17.0126686096191,16.9323692321777,16.7192687988281,17.1382694244385,13.7590684890747,15.5368680953979,15.0709686279297,16.0394687652588,15,MYD88,IRAK1
TRUE,2.55697575868117,3.89104509353638,Q922M3,Q922M3,BTB/POZ domain-containing adapter for CUL3-mediated RhoA degradation protein 3,Kctd10,"Color2 [A=255, R=169, G=169, B=169]",1,4,NA,NA,NA,NA,3,35.701,14,4,4,4,2,14.2709684371948,13.1820688247681,14.9361686706543,14.5510692596436,14.1778688430786,13.1951684951782,14.2934684753418,13.7176685333252,13.8583688735962,14.4930686950684,13.8765687942505,14.3512687683105,NA,NA,10.0543689727783,10.6336784362793,15,MYD88,IRAK1
TRUE,2.5278658241949,1.77732563018799,Q99104;P21271,Q99104,Unconventional myosin-Va,Myo5a,"Color2 [A=255, R=169, G=169, B=169]",1,4,NA,NA,NA,NA,54,215.54,16,4,4,4,4,18.5657691955566,18.8525695800781,19.4857692718506,19.2990684509277,19.1003684997559,18.8313694000244,18.7913684844971,19.0048694610596,18.905969619751,18.3468685150146,18.0430679321289,18.254768371582,16.5162677764893,17.1991691589355,17.3830680847168,17.9953689575195,15,MYD88,IRAK1
TRUE,2.67650456825506,2.23932504653931,Q99JY9;Q641P0,Q99JY9,Actin-related protein 3,Actr3,"Color2 [A=255, R=169, G=169, B=169]",1,4,NA,NA,NA,NA,19,47.357,16,4,4,4,4,20.8357696533203,21.1329689025879,21.4798679351807,21.1036682128906,21.7616691589355,20.8624687194824,21.1354694366455,21.7072696685791,21.0232696533203,20.9164695739746,20.0368690490723,20.6602687835693,17.762767791748,18.9883689880371,19.0981693267822,19.7456684112549,15,MYD88,IRAK1
TRUE,3.68662722921988,4.57828974723816,Q99KD5,Q99KD5,Protein unc-45 homolog A,Unc45a,"Color2 [A=255, R=169, G=169, B=169]",1,4,NA,NA,NA,NA,7,103.45,16,4,4,4,4,14.3630685806274,14.5727682113647,14.4623689651489,14.543568611145,14.7734689712524,13.7880687713623,14.3261690139771,12.8897686004639,14.5556688308716,14.6265687942505,13.4406690597534,14.2040691375732,9.44156837463379,8.50790882110596,10.7841691970825,10.8949689865112,15,MYD88,IRAK1
TRUE,3.39010009235857,3.72059988975525,Q99M51,Q99M51,Cytoplasmic protein NCK1,Nck1,"Color2 [A=255, R=169, G=169, B=169]",1,4,NA,NA,NA,NA,6,42.89,16,4,4,4,4,14.118369102478,15.4433689117432,16.0745677947998,16.0296688079834,15.6772689819336,15.5517683029175,12.7159690856934,13.433669090271,15.0304689407349,14.7652683258057,13.8585691452026,14.151068687439,11.0259685516357,11.5219688415527,12.0411691665649,12.19446849823,15,MYD88,IRAK1
TRUE,2.22593774291133,2.65557527542114,Q9CPW4,Q9CPW4,Actin-related protein 2/3 complex subunit 5,Arpc5,"Color2 [A=255, R=169, G=169, B=169]",1,4,NA,NA,NA,NA,4,16.288,16,4,4,4,4,18.8100681304932,18.9883689880371,19.3145694732666,18.786169052124,19.0848693847656,19.0518684387207,18.314868927002,18.2084693908691,18.0645694732666,18.0498676300049,17.7456684112549,18.4046688079834,14.6665687561035,16.4864692687988,16.4103679656982,17.7134685516357,15,MYD88,IRAK1
TRUE,1.68002049521112,4.3451247215271,Q9CQ19,Q9CQ19,Myosin regulatory light polypeptide 9,Myl9,"Color2 [A=255, R=169, G=169, B=169]",1,4,NA,NA,NA,NA,8,19.854,12,4,3,3,2,14.2769689559937,17.5477676391602,15.0493688583374,14.7132682800293,12.3923692703247,15.9160690307617,NA,13.6228685379028,12.058069229126,11.6779689788818,NA,12.2204685211182,10.3812685012817,11.7221689224243,NA,NA,15,MYD88,IRAK1
TRUE,1.52334714615905,2.93630027770996,Q9CQV8,Q9CQV8,"14-3-3 protein beta/alpha;14-3-3 protein beta/alpha, N-terminally processed",Ywhab,"Color2 [A=255, R=169, G=169, B=169]",1,4,NA,NA,NA,NA,9,28.086,16,4,4,4,4,14.8077688217163,18.829568862915,19.059268951416,18.5761680603027,15.6547689437866,18.9136695861816,14.2105684280396,16.5905685424805,18.0133686065674,17.7836685180664,17.5065689086914,17.6718692779541,14.3398685455322,15.4705686569214,15.0572681427002,14.6598682403564,15,MYD88,IRAK1
TRUE,2.55852710531661,2.02717590332031,Q9CVB6,Q9CVB6,Actin-related protein 2/3 complex subunit 2,Arpc2,"Color2 [A=255, R=169, G=169, B=169]",1,4,NA,NA,NA,NA,19,34.357,16,4,4,4,4,20.5587692260742,20.594669342041,20.773868560791,20.8299694061279,20.7037696838379,20.6099681854248,20.9019680023193,20.9178695678711,20.5200691223145,20.2080688476563,20.1151695251465,20.5498695373535,17.5843677520752,18.9337692260742,18.5873680114746,19.5430679321289,15,MYD88,IRAK1
TRUE,1.3576801801075,2.76527523994446,Q9D0G0,Q9D0G0,"28S ribosomal protein S30, mitochondrial",Mrps30,"Color2 [A=255, R=169, G=169, B=169]",1,4,NA,NA,NA,NA,5,49.939,16,4,4,4,4,12.8599691390991,16.29176902771,13.9590692520142,16.012767791748,15.4665689468384,11.7371692657471,14.8872690200806,14.4589691162109,15.4806690216064,13.3455686569214,13.2069692611694,14.6161689758301,13.717568397522,12.6418685913086,10.7479686737061,10.9550685882568,15,MYD88,IRAK1
TRUE,1.90062230183065,2.332200050354,Q9D6T0,Q9D6T0,Nitric oxide synthase-interacting protein,Nosip,"Color2 [A=255, R=169, G=169, B=169]",1,4,NA,NA,NA,NA,2,33.209,10,4,1,1,4,13.7212686538696,13.4842691421509,14.5858688354492,13.5933685302734,NA,12.7631683349609,NA,NA,NA,11.8240690231323,NA,NA,10.5393686294556,13.2367687225342,10.7381687164307,11.5416688919067,15,MYD88,IRAK1
TRUE,1.83927937071838,2.36820030212402,Q9D898,Q9D898,Actin-related protein 2/3 complex subunit 5-like protein,Arpc5l,"Color2 [A=255, R=169, G=169, B=169]",1,4,NA,NA,NA,NA,4,16.98,16,4,4,4,4,18.6919689178467,18.6779689788818,19.425968170166,18.4802684783936,19.054967880249,18.2067680358887,18.5228691101074,18.702169418335,19.2135677337646,18.2214679718018,17.7505683898926,17.8569679260254,14.738468170166,16.1334686279297,17.1444683074951,17.7869682312012,15,MYD88,IRAK1
TRUE,3.30280968051448,3.3159008026123,Q9DBR7,Q9DBR7,Protein phosphatase 1 regulatory subunit 12A,Ppp1r12a,"Color2 [A=255, R=169, G=169, B=169]",1,4,NA,NA,NA,NA,34,114.99,16,4,4,4,4,20.9943695068359,22.0573692321777,22.2682685852051,21.9612693786621,20.7920684814453,20.7995681762695,20.3478679656982,20.7122688293457,20.203369140625,20.0245685577393,20.3022689819336,20.2536678314209,17.3716678619385,18.7179679870605,18.6912689208984,19.2367687225342,15,MYD88,IRAK1
TRUE,2.4542595453762,2.03489995002747,Q9DC51;P20612;Q3V3I2;P50149;P18872,Q9DC51,Guanine nucleotide-binding protein G(k) subunit alpha,Gnai3,"Color2 [A=255, R=169, G=169, B=169]",1,4,NA,NA,NA,NA,14,40.538,16,4,4,4,4,18.5636692047119,18.6372680664063,19.1419677734375,19.3108692169189,18.1263694763184,18.5330677032471,17.2251682281494,18.983268737793,17.938268661499,17.683069229126,16.7465686798096,17.1399688720703,16.7624683380127,17.7088680267334,15.8380689620972,17.2047691345215,15,MYD88,IRAK1
TRUE,4.06273839449338,1.63264966011047,Q9EPL8,Q9EPL8,Importin-7,Ipo7,"Color2 [A=255, R=169, G=169, B=169]",1,4,NA,NA,NA,NA,7,119.49,16,4,4,4,4,14.9392681121826,15.0737686157227,15.0102682113647,15.5529689788818,13.3714685440063,14.535569190979,14.2235689163208,15.6977682113647,13.424768447876,14.0445690155029,14.4644689559937,13.1220684051514,13.8125686645508,13.474268913269,13.3103685379028,13.4484691619873,15,MYD88,IRAK1
TRUE,2.10024439982698,1.88536643981934,Q9EQ28,Q9EQ28,DNA polymerase delta subunit 3,Pold3,"Color2 [A=255, R=169, G=169, B=169]",1,4,NA,NA,NA,NA,3,50.835,12,3,4,2,3,13.5609683990479,14.5364685058594,14.5236692428589,NA,13.6151685714722,13.3928689956665,13.6576690673828,14.7585687637329,12.0905685424805,NA,NA,12.399468421936,12.1151685714722,12.7343692779541,NA,12.1154689788818,15,MYD88,IRAK1
TRUE,3.87244333521945,3.69347524642944,Q9ERG0,Q9ERG0,LIM domain and actin-binding protein 1,Lima1,"Color2 [A=255, R=169, G=169, B=169]",1,4,NA,NA,NA,NA,17,84.059,16,4,4,4,4,18.9904689788818,19.5109691619873,19.7286682128906,19.5976696014404,18.5880680084229,18.3169689178467,18.3454685211182,18.6618690490723,17.5907688140869,17.2687683105469,17.3427677154541,17.4983692169189,14.5963687896729,16.1008682250977,15.9930686950684,16.3635692596436,15,MYD88,IRAK1
TRUE,2.3808810283827,2.71227550506592,Q9JHJ0,Q9JHJ0,Tropomodulin-3,Tmod3,"Color2 [A=255, R=169, G=169, B=169]",1,4,NA,NA,NA,NA,11,39.502,16,4,4,4,4,19.9726696014404,20.1652679443359,20.1930694580078,19.0454692840576,19.575267791748,18.9946689605713,18.9795684814453,19.1419677734375,19.2731685638428,18.8710689544678,17.7029685974121,19.1471691131592,15.8029689788818,16.8441677093506,17.5219688415527,18.358268737793,15,MYD88,IRAK1
TRUE,2.48040536521005,1.57800006866455,Q9JIF7,Q9JIF7,Coatomer subunit beta,Copb1,"Color2 [A=255, R=169, G=169, B=169]",1,4,NA,NA,NA,NA,11,107.06,16,4,4,4,4,14.956768989563,15.2441682815552,15.8675689697266,14.8254690170288,14.538969039917,14.8405685424805,15.1783685684204,14.3319692611694,15.5058689117432,13.7180690765381,12.9991683959961,14.4910688400269,13.0937690734863,13.8581686019897,13.4291687011719,14.2008686065674,15,MYD88,IRAK1
TRUE,2.8436062195046,2.32580041885376,Q9JJ28,Q9JJ28,Protein flightless-1 homolog,Flii,"Color2 [A=255, R=169, G=169, B=169]",1,4,NA,NA,NA,NA,31,144.8,16,4,4,4,4,18.5333690643311,18.8847694396973,19.2505683898926,18.6964683532715,18.3699684143066,18.4392681121826,18.1387691497803,18.7204685211182,18.155668258667,18.2450695037842,17.3113689422607,18.3198680877686,15.5677680969238,16.8448677062988,16.2691688537598,17.3801689147949,15,MYD88,IRAK1
TRUE,2.93764393917029,2.8053412437439,Q9JK91,Q9JK91,DNA mismatch repair protein Mlh1,Mlh1,"Color2 [A=255, R=169, G=169, B=169]",1,4,NA,NA,NA,NA,3,84.669,14,4,4,3,3,11.3764686584473,11.5628690719604,10.7429685592651,11.8242683410645,12.9345684051514,11.4089689254761,8.6839485168457,8.70887851715088,12.9594688415527,12.2077684402466,NA,11.3127689361572,9.32276916503906,8.33466911315918,8.05646896362305,NA,15,MYD88,IRAK1
TRUE,1.70465962095283,2.38117504119873,Q9JL26,Q9JL26,Formin-like protein 1,Fmnl1,"Color2 [A=255, R=169, G=169, B=169]",1,4,NA,NA,NA,NA,6,122.06,16,4,4,4,4,12.1342687606812,13.0831689834595,13.2516689300537,12.1889686584473,12.4694690704346,12.4322690963745,11.5612688064575,12.7468690872192,12.8315687179565,11.5509691238403,11.1213684082031,11.4946689605713,8.43786907196045,10.0704689025879,10.9608688354492,11.6641683578491,15,MYD88,IRAK1
TRUE,2.06063086120402,2.43975019454956,Q9JM76,Q9JM76,Actin-related protein 2/3 complex subunit 3,Arpc3,"Color2 [A=255, R=169, G=169, B=169]",1,4,NA,NA,NA,NA,4,20.524,16,4,4,4,4,19.1989688873291,19.0504684448242,19.4392681121826,17.4829692840576,18.5149688720703,18.2770690917969,16.3653678894043,17.5844688415527,18.119068145752,18.3079681396484,17.5252685546875,18.2147693634033,15.851469039917,16.2366676330566,15.6479682922363,17.6765689849854,15,MYD88,IRAK1
TRUE,3.12880748256547,3.25792551040649,Q9JMH9,Q9JMH9,Unconventional myosin-XVIIIa,Myo18a,"Color2 [A=255, R=169, G=169, B=169]",1,4,NA,NA,NA,NA,82,232.75,16,4,4,4,4,20.8579692840576,20.7229690551758,21.5391693115234,21.0663681030273,20.620569229126,20.3972682952881,20.6523685455322,20.8387680053711,20.5229682922363,20.2406692504883,19.9394683837891,20.3292694091797,16.488468170166,17.9037685394287,17.9251689910889,18.8373680114746,15,MYD88,IRAK1
TRUE,2.01017895433868,2.7076997756958,Q9QYB5,Q9QYB5,Gamma-adducin,Add3,"Color2 [A=255, R=169, G=169, B=169]",1,4,NA,NA,NA,NA,7,78.776,16,4,4,4,4,16.3349685668945,14.4741687774658,16.4154682159424,15.770468711853,15.1851682662964,15.5958681106567,15.4040689468384,15.9437685012817,16.3402690887451,16.1283683776855,15.5521688461304,16.2787685394287,11.4282684326172,13.045768737793,13.9582691192627,13.7319688796997,15,MYD88,IRAK1
TRUE,2.01752545896742,4.0349748134613,Q9QYC0,Q9QYC0,Alpha-adducin,Add1,"Color2 [A=255, R=169, G=169, B=169]",1,4,NA,NA,NA,NA,9,80.646,16,4,4,4,4,16.1100692749023,14.7400684356689,16.4181690216064,16.4854679107666,15.6473684310913,17.0223693847656,15.6808681488037,16.7636680603027,17.4018688201904,16.9376678466797,17.0206680297852,17.4536685943604,10.7607688903809,12.8177690505981,9.80486869812012,14.23046875,15,MYD88,IRAK1
TRUE,2.76268870067275,3.07417511940002,Q9QZF2,Q9QZF2,Glypican-1;Secreted glypican-1,Gpc1,"Color2 [A=255, R=169, G=169, B=169]",1,4,NA,NA,NA,NA,8,61.359,16,4,4,4,4,15.2299690246582,15.2115688323975,15.7996683120728,15.7733688354492,15.5043687820435,16.0437679290771,14.75816822052,15.0045680999756,14.9879684448242,14.3493690490723,12.8768692016602,14.3697690963745,10.9439687728882,12.4262685775757,12.779468536377,13.5681686401367,15,MYD88,IRAK1
TRUE,4.75509797880335,3.22279159228007,Q9R0Q6,Q9R0Q6,Actin-related protein 2/3 complex subunit 1A,Arpc1a,"Color2 [A=255, R=169, G=169, B=169]",1,4,NA,NA,NA,NA,7,41.626,15,4,4,4,3,15.7959690093994,15.6237688064575,15.8774681091309,15.5091686248779,15.2788686752319,15.1356687545776,15.8589687347412,16.3317680358887,15.260968208313,14.7912683486938,14.3895692825317,15.7769689559937,NA,12.4815683364868,12.1123685836792,12.8424692153931,15,MYD88,IRAK1
TRUE,3.24073930393386,2.46887540817261,Q9WTI7;O88329,Q9WTI7,Unconventional myosin-Ic,Myo1c,"Color2 [A=255, R=169, G=169, B=169]",1,4,NA,NA,NA,NA,39,121.94,16,4,4,4,4,20.5147686004639,20.3691692352295,21.1520690917969,20.5991687774658,20.5106678009033,20.05126953125,20.3817691802979,20.5908679962158,20.507568359375,20.3083686828613,19.711368560791,20.210168838501,17.2785682678223,18.3613681793213,18.254768371582,18.86496925354,15,MYD88,IRAK1
TRUE,2.15233194854045,3.18607544898987,Q9WUM3,Q9WUM3,Coronin-1B,Coro1b,"Color2 [A=255, R=169, G=169, B=169]",1,4,NA,NA,NA,NA,8,53.912,16,4,4,4,4,17.381368637085,17.7245693206787,17.6865692138672,18.0102691650391,16.2835693359375,16.6385688781738,16.762767791748,16.8140678405762,16.4078693389893,16.0505676269531,16.2885684967041,16.691068649292,12.2748689651489,14.750768661499,15.1298685073853,15.9029684066772,15,MYD88,IRAK1
TRUE,3.70187055984923,2.91692495346069,Q9WUM4,Q9WUM4,Coronin-1C,Coro1c,"Color2 [A=255, R=169, G=169, B=169]",1,4,NA,NA,NA,NA,17,53.12,16,4,4,4,4,21.8057689666748,21.9541683197021,22.0339679718018,21.8036689758301,21.0187683105469,20.9705696105957,21.6872692108154,21.6469688415527,20.9426689147949,20.9248695373535,20.5796680450439,21.2322692871094,17.9527683258057,19.4013690948486,19.0425682067871,19.5331687927246,15,MYD88,IRAK1
TRUE,2.72179145825945,2.38247537612915,Q9WV32,Q9WV32,Actin-related protein 2/3 complex subunit 1B,Arpc1b,"Color2 [A=255, R=169, G=169, B=169]",1,4,NA,NA,NA,NA,15,41.063,16,4,4,4,4,21.4708690643311,21.5499687194824,21.9593696594238,21.7188682556152,21.498067855835,21.3110694885254,21.4148693084717,21.8365688323975,21.3386688232422,21.027868270874,21.0013694763184,21.2235679626465,18.0467681884766,19.3955688476563,19.633768081665,20.0930690765381,15,MYD88,IRAK1
TRUE,3.27495888294492,3.82239961624146,Q9Z0P5,Q9Z0P5,Twinfilin-2,Twf2,"Color2 [A=255, R=169, G=169, B=169]",1,4,NA,NA,NA,NA,5,39.47,16,4,4,4,4,15.716968536377,15.3236684799194,15.97096824646,15.921368598938,15.0880689620972,14.6818685531616,14.9475688934326,14.9622688293457,15.5091686248779,15.4351682662964,13.4253692626953,15.1136684417725,10.6135692596436,11.3885688781738,12.9193687438965,12.7218685150146,15,MYD88,IRAK1
TRUE,2.05550695461068,2.60527467727661,Q9Z1Q5,Q9Z1Q5,Chloride intracellular channel protein 1,Clic1,"Color2 [A=255, R=169, G=169, B=169]",1,4,NA,NA,NA,NA,8,27.013,16,4,4,4,4,17.6675682067871,17.0295677185059,18.4391689300537,17.5373687744141,17.6539688110352,17.456169128418,17.7483692169189,18.9926681518555,17.3822689056396,17.317268371582,16.263069152832,17.3843688964844,13.3875684738159,14.9058685302734,15.8040685653687,16.1550693511963,15,MYD88,IRAK1
TRUE,50,NA,O54916,O54916,RalBP1-associated Eps domain-containing protein 1,Reps1,"Color2 [A=255, R=169, G=169, B=169]",1,4,NA,NA,NA,NA,1,86.518,6,3,0,2,1,8.56103,8.45889,NA,9.88947,NA,NA,NA,NA,7.69522,8.29598,NA,NA,8.49357,NA,NA,NA,15,MYD88,IRAK1
TRUE,50,NA,P07903,P07903,DNA excision repair protein ERCC-1,Ercc1,"Color2 [A=255, R=169, G=169, B=169]",1,4,NA,NA,NA,NA,1,32.909,7,4,0,2,1,11.6067,11.9205,11.0579,10.5786,NA,NA,NA,NA,11.8315,NA,NA,10.4914,10.8206,NA,NA,NA,15,MYD88,IRAK1
TRUE,50,NA,P10639,P10639,Thioredoxin,Txn,"Color2 [A=255, R=169, G=169, B=169]",1,4,NA,NA,NA,NA,1,11.675,7,3,1,2,1,14.1265,15.3486,14.6828,NA,NA,NA,NA,14.8523,14.8287,14.5883,NA,NA,NA,NA,13.37,NA,15,MYD88,IRAK1
TRUE,50,NA,P13504,P13504,"Interleukin-1 receptor type 1;Interleukin-1 receptor type 1, membrane form;Interleukin-1 receptor type 1, soluble form",Il1r1,"Color2 [A=255, R=169, G=169, B=169]",1,4,NA,NA,NA,NA,2,66.697,11,4,3,4,0,10.8038,9.82477,11.8683,11.8688,13.3697,13.3896,NA,12.1172,13.2572,13.9295,13.8479,12.8954,NA,NA,NA,NA,15,MYD88,IRAK1
TRUE,50,NA,P18181,P18181,CD48 antigen,Cd48,"Color2 [A=255, R=169, G=169, B=169]",1,4,NA,NA,NA,NA,4,27.383,13,4,4,4,1,15.4404,15.5026,16.4048,15.6752,16.1407,16.3174,14.8651,15.6947,14.2834,14.275,13.6329,15.4771,NA,NA,11.9561,NA,15,MYD88,IRAK1
TRUE,50,NA,P35821,P35821,Tyrosine-protein phosphatase non-receptor type 1,Ptpn1,"Color2 [A=255, R=169, G=169, B=169]",1,4,NA,NA,NA,NA,1,49.593,6,4,2,0,0,10.8565,11.7368,11.5163,11.5396,12.2135,NA,NA,10.8029,NA,NA,NA,NA,NA,NA,NA,NA,15,MYD88,IRAK1
TRUE,50,NA,Q3U1F9,Q3U1F9,Phosphoprotein associated with glycosphingolipid-enriched microdomains 1,Pag1,"Color2 [A=255, R=169, G=169, B=169]",1,4,NA,NA,NA,NA,3,46.549,13,4,4,4,1,14.0694,14.829,15.5131,13.9769,15.0441,14.5126,14.0241,14.8863,15.1536,12.9225,14.0592,15.3057,NA,NA,12.223,NA,15,MYD88,IRAK1
TRUE,50,NA,Q3UMT1,Q3UMT1,Protein phosphatase 1 regulatory subunit 12C,Ppp1r12c,"Color2 [A=255, R=169, G=169, B=169]",1,4,NA,NA,NA,NA,2,84.684,4,3,1,0,0,NA,14.2529,13.8596,12.669,12.9068,NA,NA,NA,NA,NA,NA,NA,NA,NA,NA,NA,15,MYD88,IRAK1
TRUE,50,NA,Q4VC33,Q4VC33,Macrophage erythroblast attacher,Maea,"Color2 [A=255, R=169, G=169, B=169]",1,4,NA,NA,NA,NA,1,45.336,9,3,2,3,1,NA,9.56519,9.54248,10.0889,NA,NA,9.04034,9.84593,8.95552,9.4092,9.01292,NA,NA,NA,NA,9.97267,15,MYD88,IRAK1
TRUE,50,NA,Q5SX39;Q5SX40,Q5SX39;Q5SX40,Myosin-4;Myosin-1,Myh4;Myh1,"Color2 [A=255, R=169, G=169, B=169]",1,4,NA,NA,NA,NA,3,222.86,6,3,0,2,1,NA,11.7933,14.123,12.9404,NA,NA,NA,NA,11.7789,14.5862,NA,NA,10.9842,NA,NA,NA,15,MYD88,IRAK1
TRUE,50,NA,Q60843,Q60843,Krueppel-like factor 2,Klf2,"Color2 [A=255, R=169, G=169, B=169]",1,4,NA,NA,NA,NA,1,37.656,12,4,3,4,1,11.5499,11.8879,11.3384,11.8559,12.1399,12.2715,NA,12.0265,12.2978,11.5208,11.4815,12.0226,NA,NA,NA,12.0551,15,MYD88,IRAK1
TRUE,50,NA,Q6PHN9,Q6PHN9,Ras-related protein Rab-35,Rab35,"Color2 [A=255, R=169, G=169, B=169]",1,4,NA,NA,NA,NA,1,23.025,9,4,3,1,1,13.5797,14.201,14.1958,14.1154,14.8876,13.8515,NA,14.1797,NA,NA,13.4148,NA,NA,12.3818,NA,NA,15,MYD88,IRAK1
TRUE,50,NA,Q80TN4,Q80TN4,DnaJ homolog subfamily C member 16,Dnajc16,"Color2 [A=255, R=169, G=169, B=169]",1,4,NA,NA,NA,NA,3,89.135,9,3,2,3,1,NA,11.8472,12.5663,11.1672,NA,NA,12.9686,12.6812,11.6761,NA,10.805,10.1905,8.70827,NA,NA,NA,15,MYD88,IRAK1
TRUE,50,NA,Q80UJ7,Q80UJ7,Rab3 GTPase-activating protein catalytic subunit,Rab3gap1,"Color2 [A=255, R=169, G=169, B=169]",1,4,NA,NA,NA,NA,1,110.2,6,3,1,1,1,8.535,11.3611,9.32667,NA,NA,NA,7.64921,NA,8.71424,NA,NA,NA,8.46497,NA,NA,NA,15,MYD88,IRAK1
TRUE,50,NA,Q8BH57,Q8BH57,WD repeat-containing protein 48,Wdr48,"Color2 [A=255, R=169, G=169, B=169]",1,4,NA,NA,NA,NA,2,76.006,10,4,3,2,1,10.9545,13.4589,14.0636,11.2358,10.9907,NA,11.27,12.105,10.7243,NA,NA,10.3694,9.28407,NA,NA,NA,15,MYD88,IRAK1
TRUE,50,NA,Q8BYC6,Q8BYC6,Serine/threonine-protein kinase TAO3,Taok3,"Color2 [A=255, R=169, G=169, B=169]",1,4,NA,NA,NA,NA,2,105.33,10,3,4,2,1,7.92598,9.01399,11.926,NA,8.79255,8.31906,10.8987,10.6574,8.40867,NA,10.8014,NA,NA,NA,10.0875,NA,15,MYD88,IRAK1
TRUE,50,NA,Q8BYL4,Q8BYL4,"Tyrosine--tRNA ligase, mitochondrial",Yars2,"Color2 [A=255, R=169, G=169, B=169]",1,4,NA,NA,NA,NA,1,52.597,7,4,1,1,1,9.11818,8.99749,9.74026,9.00646,NA,NA,NA,8.32905,8.36969,NA,NA,NA,7.58787,NA,NA,NA,15,MYD88,IRAK1
TRUE,50,NA,Q8C8M1,Q8C8M1,Protein FAM60A,Fam60a,"Color2 [A=255, R=169, G=169, B=169]",1,4,NA,NA,NA,NA,1,24.829,5,4,0,0,1,13.1352,15.3425,12.8047,12.6112,NA,NA,NA,NA,NA,NA,NA,NA,12.203,NA,NA,NA,15,MYD88,IRAK1
TRUE,50,NA,Q8CD92,Q8CD92,Tetratricopeptide repeat protein 27,Ttc27,"Color2 [A=255, R=169, G=169, B=169]",1,4,NA,NA,NA,NA,1,96.43,12,4,3,4,1,12.4001,12.8766,12.6389,12.1747,11.8177,11.9653,NA,13.4334,11.9951,11.2195,11.7564,11.7604,NA,NA,NA,11.9659,15,MYD88,IRAK1
TRUE,50,NA,Q8R1G6,Q8R1G6,PDZ and LIM domain protein 2,Pdlim2,"Color2 [A=255, R=169, G=169, B=169]",1,4,NA,NA,NA,NA,1,37.703,9,4,1,3,1,13.0941,14.7997,14.2504,14.0322,13.2852,NA,NA,NA,12.5011,NA,12.8911,12.0964,NA,NA,11.7408,NA,15,MYD88,IRAK1
TRUE,50,NA,Q8R4D5,Q8R4D5,Transient receptor potential cation channel subfamily M member 8,Trpm8,"Color2 [A=255, R=169, G=169, B=169]",1,4,NA,NA,NA,NA,1,127.71,8,3,2,3,0,NA,12.4305,13.055,13.7519,13.21,12.6198,NA,NA,13.1258,12.7036,12.2394,NA,NA,NA,NA,NA,15,MYD88,IRAK1
TRUE,50,NA,Q99J56,Q99J56,Derlin-1,Derl1,"Color2 [A=255, R=169, G=169, B=169]",1,4,NA,NA,NA,NA,1,28.834,10,3,2,4,1,14.1131,14.2425,14.6856,NA,14.2889,NA,12.9669,NA,13.6588,13.432,13.971,13.8136,NA,NA,NA,14.3616,15,MYD88,IRAK1
TRUE,50,NA,Q9QZB7,Q9QZB7,Actin-related protein 10,Actr10,"Color2 [A=255, R=169, G=169, B=169]",1,4,NA,NA,NA,NA,1,46.207,12,4,3,4,1,10.5277,11.5423,12.5024,11.9208,9.73142,10.3522,NA,10.6041,9.22193,10.8762,10.6787,10.4641,9.92927,NA,NA,NA,15,MYD88,IRAK1
TRUE,50,NA,Q9R0M6,Q9R0M6,Ras-related protein Rab-9A,Rab9a,"Color2 [A=255, R=169, G=169, B=169]",1,4,NA,NA,NA,NA,1,22.909,7,3,1,2,1,10.9038,10.4117,11.954,NA,NA,NA,12.0605,NA,10.7504,NA,NA,11.5558,10.0457,NA,NA,NA,15,MYD88,IRAK1
TRUE,50,NA,Q9R1R0,Q9R1R0,LIM/homeobox protein Lhx6,Lhx6,"Color2 [A=255, R=169, G=169, B=169]",1,4,NA,NA,NA,NA,1,40.043,6,4,2,0,0,11.8555,10.6519,11.2947,10.4249,10.4571,9.67421,NA,NA,NA,NA,NA,NA,NA,NA,NA,NA,15,MYD88,IRAK1
