IRAK4_A2ADA5_x1,model_1,2.36,78.57,0.2133,0.4233,0.0241,62,79,IRAK4_A2ADA5_x1_model_1_multimer_v3_p1_230419_348107,1,2
IRAK4_A2ADA5_x1,model_2,2.07,79.46,0.2192,0.4774,0.0234,64,96,IRAK4_A2ADA5_x1_model_2_multimer_v3_p1_230419_658703,1,2
IRAK4_A2ADA5_x1,model_3,0.57,78.74,0.2202,0.3566,0.0246,60,72,IRAK4_A2ADA5_x1_model_3_multimer_v3_p1_230419_588607,1,2
IRAK4_A2ADA5_x1,model_4,0.64,77.59,0.3674,0.3077,0.1013,62,74,IRAK4_A2ADA5_x1_model_4_multimer_v3_p1_230419_516868,1,2
IRAK4_A2ADA5_x1,model_5,1.26,76.93,0.2077,0.2928,0.0233,70,91,IRAK4_A2ADA5_x1_model_5_multimer_v3_p1_230419_825768,1,2
IRAK4_D3Z7P3_x1,model_1,1.49,71.41,0.2231,0.3676,0.0482,110,156,IRAK4_D3Z7P3_x1_model_1_multimer_v3_p1_230419_132727,1,2
IRAK4_D3Z7P3_x1,model_2,5.77,72.57,0.2528,0.2807,0.0643,83,108,IRAK4_D3Z7P3_x1_model_2_multimer_v3_p1_230419_433200,1,2
IRAK4_D3Z7P3_x1,model_3,1.85,71.87,0.2397,0.2251,0.0221,58,61,IRAK4_D3Z7P3_x1_model_3_multimer_v3_p1_230419_527591,1,2
IRAK4_D3Z7P3_x1,model_4,4.47,70.37,0.2239,0.2641,0.0228,68,92,IRAK4_D3Z7P3_x1_model_4_multimer_v3_p1_230419_193493,1,2
IRAK4_D3Z7P3_x1,model_5,5.09,71,0.2175,0.281,0.0104,42,39,IRAK4_D3Z7P3_x1_model_5_multimer_v3_p1_230419_247788,1,2
IRAK4_E9PZM4_x1,model_1,7.04,55.05,0.3161,0.2398,0.0463,69,68,IRAK4_E9PZM4_x1_model_1_multimer_v3_p1_230419_670418,1,2
IRAK4_E9PZM4_x1,model_2,2.8,56.83,0.2627,0.0216,3e-04,18,15,IRAK4_E9PZM4_x1_model_2_multimer_v3_p1_230419_381162,1,2
IRAK4_E9PZM4_x1,model_3,8.4,56.72,0.2999,0.2743,0.0228,50,47,IRAK4_E9PZM4_x1_model_3_multimer_v3_p1_230419_195332,1,2
IRAK4_E9PZM4_x1,model_4,6.59,54.28,0.2968,0.3094,0.052,125,234,IRAK4_E9PZM4_x1_model_4_multimer_v3_p1_230419_525773,1,2
IRAK4_E9PZM4_x1,model_5,4.66,55.8,0.2571,0.1181,0.0041,32,23,IRAK4_E9PZM4_x1_model_5_multimer_v3_p1_230419_560959,1,2
IRAK4_E9Q612_x1,model_1,2.04,68.1,0.2597,0.3756,0.0739,127,176,IRAK4_E9Q612_x1_model_1_multimer_v3_p1_230419_321800,1,2
IRAK4_E9Q612_x1,model_2,2.49,70.02,0.22,0.1887,0.0101,45,49,IRAK4_E9Q612_x1_model_2_multimer_v3_p1_230419_517830,1,2
IRAK4_E9Q612_x1,model_3,2.22,67.64,0.2328,0.2167,0.0206,68,104,IRAK4_E9Q612_x1_model_3_multimer_v3_p1_230419_405129,1,2
IRAK4_E9Q612_x1,model_4,4.95,67.76,0.2316,0.2463,0.0283,76,85,IRAK4_E9Q612_x1_model_4_multimer_v3_p1_230419_624802,1,2
IRAK4_E9Q612_x1,model_5,2.07,68.44,0.233,0.3011,0.0317,82,119,IRAK4_E9Q612_x1_model_5_multimer_v3_p1_230419_899052,1,2
IRAK4_O08749_x1,model_1,1.53,82.22,0.254,0.3675,0.0272,58,73,IRAK4_O08749_x1_model_1_multimer_v3_p1_230419_276340,1,2
IRAK4_O08749_x1,model_2,2.45,82.57,0.251,0.4631,0.0285,77,153,IRAK4_O08749_x1_model_2_multimer_v3_p1_230419_690882,1,2
IRAK4_O08749_x1,model_3,1.52,81.99,0.2295,0.4779,0.0161,57,59,IRAK4_O08749_x1_model_3_multimer_v3_p1_230419_109642,1,2
IRAK4_O08749_x1,model_4,3.49,81.46,0.2439,0.431,0.0191,56,87,IRAK4_O08749_x1_model_4_multimer_v3_p1_230420_602649,1,2
IRAK4_O08749_x1,model_5,1.18,81.99,0.2354,0.2885,0.01,40,38,IRAK4_O08749_x1_model_5_multimer_v3_p1_230420_261908,1,2
IRAK4_O88892_x1,model_1,0.97,73.83,0.3699,0.3432,0.0818,71,88,IRAK4_O88892_x1_model_1_multimer_v3_p1_230406_373401,1,2
IRAK4_O88892_x1,model_2,0.74,76.61,0.4284,0.3677,0.1268,36,42,IRAK4_O88892_x1_model_2_multimer_v3_p1_230406_634348,1,2
IRAK4_O88892_x1,model_3,0.54,76.41,0.5171,0.5016,0.2764,57,59,IRAK4_O88892_x1_model_3_multimer_v3_p1_230406_888607,1,2
IRAK4_O88892_x1,model_4,1.9,73.7,0.3896,0.3421,0.1055,103,153,IRAK4_O88892_x1_model_4_multimer_v3_p1_230407_716444,1,2
IRAK4_O88892_x1,model_5,0.74,75.24,0.4434,0.3707,0.1691,44,42,IRAK4_O88892_x1_model_5_multimer_v3_p1_230407_265761,1,2
IRAK4_O88892_x1,model_1,0.68,74.32,0.3817,0.4211,0.1022,82,110,IRAK4_O88892_x1_model_1_multimer_v3_p1_230419_539944,1,2
IRAK4_O88892_x1,model_2,0.57,74.7,0.404,0.4653,0.0851,58,71,IRAK4_O88892_x1_model_2_multimer_v3_p1_230419_051630,1,2
IRAK4_O88892_x1,model_3,0.69,73.72,0.3785,0.3975,0.0667,54,58,IRAK4_O88892_x1_model_3_multimer_v3_p1_230419_183151,1,2
IRAK4_O88892_x1,model_4,1.29,74.24,0.411,0.4332,0.0886,54,61,IRAK4_O88892_x1_model_4_multimer_v3_p1_230420_578297,1,2
IRAK4_O88892_x1,model_5,1.89,72.88,0.3708,0.3559,0.0624,66,71,IRAK4_O88892_x1_model_5_multimer_v3_p1_230420_011461,1,2
IRAK4_P08003_x1,model_1,1.31,76.3,0.2577,0.2682,0.0393,103,149,IRAK4_P08003_x1_model_1_multimer_v3_p1_230419_183496,1,2
IRAK4_P08003_x1,model_2,1.32,76.68,0.2433,0.28,0.0423,128,197,IRAK4_P08003_x1_model_2_multimer_v3_p1_230419_237591,1,2
IRAK4_P08003_x1,model_3,2.11,75.66,0.2467,0.224,0.0302,99,141,IRAK4_P08003_x1_model_3_multimer_v3_p1_230419_761842,1,2
IRAK4_P08003_x1,model_4,1.82,75.08,0.2649,0.277,0.0524,145,298,IRAK4_P08003_x1_model_4_multimer_v3_p1_230419_537701,1,2
IRAK4_P08003_x1,model_5,3.46,75.78,0.249,0.237,0.0361,128,205,IRAK4_P08003_x1_model_5_multimer_v3_p1_230419_471855,1,2
IRAK4_P10107_x1,model_1,1.84,79.39,0.2582,0.376,0.0313,48,61,IRAK4_P10107_x1_model_1_multimer_v3_p1_230419_361115,1,2
IRAK4_P10107_x1,model_2,0.6,77.77,0.2284,0.3431,0.0365,78,118,IRAK4_P10107_x1_model_2_multimer_v3_p1_230420_079085,1,2
IRAK4_P10107_x1,model_3,1.48,77.93,0.2335,0.3179,0.0198,49,65,IRAK4_P10107_x1_model_3_multimer_v3_p1_230420_859467,1,2
IRAK4_P10107_x1,model_4,0.79,75.47,0.2396,0.3269,0.0474,108,160,IRAK4_P10107_x1_model_4_multimer_v3_p1_230420_685175,1,2
IRAK4_P10107_x1,model_5,1.22,77.75,0.2461,0.2527,0.013,36,38,IRAK4_P10107_x1_model_5_multimer_v3_p1_230420_725648,1,2
IRAK4_P10639_x1,model_1,1.31,77,0.2264,0.458,0.0344,64,140,IRAK4_P10639_x1_model_1_multimer_v3_p1_230419_433361,1,2
IRAK4_P10639_x1,model_2,4.4,77.37,0.2225,0.4038,0.0295,59,109,IRAK4_P10639_x1_model_2_multimer_v3_p1_230419_801763,1,2
IRAK4_P10639_x1,model_3,1.26,77.45,0.4466,0.4118,0.1436,43,68,IRAK4_P10639_x1_model_3_multimer_v3_p1_230419_120184,1,2
IRAK4_P10639_x1,model_4,2.25,75.33,0.2256,0.3856,0.0274,53,69,IRAK4_P10639_x1_model_4_multimer_v3_p1_230419_546677,1,2
IRAK4_P10639_x1,model_5,1.73,75.46,0.2242,0.4729,0.028,54,101,IRAK4_P10639_x1_model_5_multimer_v3_p1_230420_189900,1,2
IRAK4_P11157_x1,model_1,1.87,71.75,0.2234,0.281,0.0231,53,52,IRAK4_P11157_x1_model_1_multimer_v3_p1_230419_376178,1,2
IRAK4_P11157_x1,model_2,2.31,73.17,0.2218,0.3347,0.0164,49,58,IRAK4_P11157_x1_model_2_multimer_v3_p1_230419_484517,1,2
IRAK4_P11157_x1,model_3,1.96,71.92,0.1987,0.2431,0.0195,58,56,IRAK4_P11157_x1_model_3_multimer_v3_p1_230420_047257,1,2
IRAK4_P11157_x1,model_4,2.18,70.83,0.2305,0.2572,0.0286,65,62,IRAK4_P11157_x1_model_4_multimer_v3_p1_230420_422622,1,2
IRAK4_P11157_x1,model_5,1.57,71.39,0.2095,0.2302,0.0138,47,45,IRAK4_P11157_x1_model_5_multimer_v3_p1_230420_656413,1,2
IRAK4_P15105_x1,model_1,1.38,80.26,0.2451,0.2951,0.0195,50,46,IRAK4_P15105_x1_model_1_multimer_v3_p1_230419_680405,1,2
IRAK4_P15105_x1,model_2,0.86,80.71,0.2559,0.2778,0.0281,61,56,IRAK4_P15105_x1_model_2_multimer_v3_p1_230419_696060,1,2
IRAK4_P15105_x1,model_3,0.45,80.28,0.2366,0.2597,0.0131,43,49,IRAK4_P15105_x1_model_3_multimer_v3_p1_230419_094261,1,2
IRAK4_P15105_x1,model_4,1.01,80.01,0.2369,0.2546,0.015,48,44,IRAK4_P15105_x1_model_4_multimer_v3_p1_230419_039546,1,2
IRAK4_P15105_x1,model_5,1.89,80.08,0.2301,0.3104,0.0215,67,89,IRAK4_P15105_x1_model_5_multimer_v3_p1_230419_707284,1,2
IRAK4_P18572_x1,model_1,1.67,72.11,0.2382,0.3464,0.0468,66,88,IRAK4_P18572_x1_model_1_multimer_v3_p1_230419_351017,1,2
IRAK4_P18572_x1,model_2,2.87,72.56,0.217,0.3836,0.0492,84,142,IRAK4_P18572_x1_model_2_multimer_v3_p1_230419_757200,1,2
IRAK4_P18572_x1,model_3,1.44,72.69,0.2353,0.3188,0.0591,74,94,IRAK4_P18572_x1_model_3_multimer_v3_p1_230419_267990,1,2
IRAK4_P18572_x1,model_4,1.8,72.29,0.225,0.3631,0.0479,73,109,IRAK4_P18572_x1_model_4_multimer_v3_p1_230419_631613,1,2
IRAK4_P18572_x1,model_5,1.82,73.1,0.2922,0.3552,0.1032,75,90,IRAK4_P18572_x1_model_5_multimer_v3_p1_230419_660638,1,2
IRAK4_P20108_x1,model_1,2.27,73.2,0.2525,0.3714,0.029,51,59,IRAK4_P20108_x1_model_1_multimer_v3_p1_230419_912224,1,2
IRAK4_P20108_x1,model_2,2.22,73.3,0.253,0.3744,0.0308,57,70,IRAK4_P20108_x1_model_2_multimer_v3_p1_230419_622181,1,2
IRAK4_P20108_x1,model_3,1.97,73.74,0.2446,0.3644,0.0247,46,49,IRAK4_P20108_x1_model_3_multimer_v3_p1_230419_811085,1,2
IRAK4_P20108_x1,model_4,1.52,73.05,0.2429,0.4098,0.0235,46,61,IRAK4_P20108_x1_model_4_multimer_v3_p1_230420_042977,1,2
IRAK4_P20108_x1,model_5,4.44,72.56,0.2393,0.3264,0.0104,31,34,IRAK4_P20108_x1_model_5_multimer_v3_p1_230420_098710,1,2
IRAK4_P22366_x1,model_1,0.82,74.36,0.4066,0.3452,0.2713,113,176,IRAK4_P22366_x1_model_1_multimer_v3_p1_230407_393110,1,2
IRAK4_P22366_x1,model_2,2.06,75.83,0.3989,0.3672,0.2476,108,155,IRAK4_P22366_x1_model_2_multimer_v3_p1_230407_479011,1,2
IRAK4_P22366_x1,model_3,3.59,75.82,0.4019,0.308,0.2476,94,123,IRAK4_P22366_x1_model_3_multimer_v3_p1_230407_390805,1,2
IRAK4_P22366_x1,model_4,1.4,75.01,0.4285,0.3416,0.3092,98,124,IRAK4_P22366_x1_model_4_multimer_v3_p1_230407_047901,1,2
IRAK4_P22366_x1,model_5,3.59,74.78,0.4175,0.3358,0.2283,108,136,IRAK4_P22366_x1_model_5_multimer_v3_p1_230407_748055,1,2
IRAK4_P22366_x1,model_1,0.58,74.41,0.4152,0.3461,0.2485,120,148,IRAK4_P22366_x1_model_1_multimer_v3_p1_230419_642573,1,2
IRAK4_P22366_x1,model_2,1.18,74.95,0.4069,0.332,0.2658,101,132,IRAK4_P22366_x1_model_2_multimer_v3_p1_230419_636421,1,2
IRAK4_P22366_x1,model_3,2.09,75.72,0.4045,0.3392,0.2814,97,112,IRAK4_P22366_x1_model_3_multimer_v3_p1_230420_356328,1,2
IRAK4_P22366_x1,model_4,1.42,74.06,0.4111,0.2995,0.266,104,141,IRAK4_P22366_x1_model_4_multimer_v3_p1_230420_617214,1,2
IRAK4_P22366_x1,model_5,1.57,73.84,0.4101,0.3297,0.2739,101,114,IRAK4_P22366_x1_model_5_multimer_v3_p1_230420_338015,1,2
IRAK4_P23506_x1,model_1,0.73,79.24,0.3712,0.3692,0.1077,53,60,IRAK4_P23506_x1_model_1_multimer_v3_p1_230419_866246,1,2
IRAK4_P23506_x1,model_2,0.74,81.08,0.5114,0.3796,0.2139,54,56,IRAK4_P23506_x1_model_2_multimer_v3_p1_230419_944378,1,2
IRAK4_P23506_x1,model_3,1.44,78.5,0.2286,0.3721,0.0336,68,94,IRAK4_P23506_x1_model_3_multimer_v3_p1_230419_186341,1,2
IRAK4_P23506_x1,model_4,1.38,77.09,0.2573,0.3488,0.041,63,74,IRAK4_P23506_x1_model_4_multimer_v3_p1_230419_321641,1,2
IRAK4_P23506_x1,model_5,1.15,77.79,0.3016,0.3393,0.0669,58,82,IRAK4_P23506_x1_model_5_multimer_v3_p1_230419_079664,1,2
IRAK4_P28063_x1,model_1,1.24,72.08,0.3303,0.4101,0.1065,56,56,IRAK4_P28063_x1_model_1_multimer_v3_p1_230419_709674,1,2
IRAK4_P28063_x1,model_2,1.58,74.3,0.2647,0.3934,0.0411,63,87,IRAK4_P28063_x1_model_2_multimer_v3_p1_230419_713843,1,2
IRAK4_P28063_x1,model_3,2.17,70.21,0.221,0.3111,0.0129,37,41,IRAK4_P28063_x1_model_3_multimer_v3_p1_230419_857190,1,2
IRAK4_P28063_x1,model_4,2.87,68.77,0.2841,0.2952,0.0561,60,54,IRAK4_P28063_x1_model_4_multimer_v3_p1_230420_259650,1,2
IRAK4_P28063_x1,model_5,3.44,68.72,0.257,0.2839,0.0214,30,24,IRAK4_P28063_x1_model_5_multimer_v3_p1_230420_077469,1,2
IRAK4_P28352_x1,model_1,1.12,78.94,0.2831,0.3591,0.0521,48,49,IRAK4_P28352_x1_model_1_multimer_v3_p1_230419_630343,1,2
IRAK4_P28352_x1,model_2,0.69,79.49,0.25,0.3016,0.0426,69,81,IRAK4_P28352_x1_model_2_multimer_v3_p1_230419_498865,1,2
IRAK4_P28352_x1,model_3,1.27,78.67,0.3089,0.3135,0.0641,50,48,IRAK4_P28352_x1_model_3_multimer_v3_p1_230419_407312,1,2
IRAK4_P28352_x1,model_4,2.15,78.1,0.235,0.3478,0.0284,59,82,IRAK4_P28352_x1_model_4_multimer_v3_p1_230419_927709,1,2
IRAK4_P28352_x1,model_5,2.15,77.6,0.2594,0.323,0.0279,57,60,IRAK4_P28352_x1_model_5_multimer_v3_p1_230419_382152,1,2
IRAK4_P34884_x1,model_1,0.92,79.47,0.2417,0.2388,0.0056,27,27,IRAK4_P34884_x1_model_1_multimer_v3_p1_230406_001336,1,2
IRAK4_P34884_x1,model_2,2.17,79.35,0.2479,0.0441,5e-04,14,19,IRAK4_P34884_x1_model_2_multimer_v3_p1_230407_833402,1,2
IRAK4_P34884_x1,model_3,0.57,79.16,0.2346,0.3137,0.0098,37,77,IRAK4_P34884_x1_model_3_multimer_v3_p1_230407_450376,1,2
IRAK4_P34884_x1,model_4,1.05,78.74,0.2677,0.1489,0.0046,25,20,IRAK4_P34884_x1_model_4_multimer_v3_p1_230407_086890,1,2
IRAK4_P34884_x1,model_5,1.72,79.05,0.245,0.1719,0.0025,24,22,IRAK4_P34884_x1_model_5_multimer_v3_p1_230407_246173,1,2
IRAK4_P34884_x1,model_1,1.47,79.39,0.2522,0.2855,0.0147,36,39,IRAK4_P34884_x1_model_1_multimer_v3_p1_230419_358808,1,2
IRAK4_P34884_x1,model_2,0.96,80.36,0.2681,0.3135,0.0166,38,35,IRAK4_P34884_x1_model_2_multimer_v3_p1_230419_362855,1,2
IRAK4_P34884_x1,model_3,0.94,78.28,0.2399,0.3101,0.0183,49,115,IRAK4_P34884_x1_model_3_multimer_v3_p1_230420_916461,1,2
IRAK4_P34884_x1,model_4,1.09,78.38,0.2784,0.2682,0.0125,33,35,IRAK4_P34884_x1_model_4_multimer_v3_p1_230420_911447,1,2
IRAK4_P34884_x1,model_5,2.23,78.12,0.2505,0.2216,0.0056,28,28,IRAK4_P34884_x1_model_5_multimer_v3_p1_230420_119542,1,2
IRAK4_P38060_x1,model_1,1.37,78.71,0.2701,0.3231,0.0529,76,85,IRAK4_P38060_x1_model_1_multimer_v3_p1_230419_245656,1,2
IRAK4_P38060_x1,model_2,1.67,78.06,0.2775,0.318,0.0543,79,99,IRAK4_P38060_x1_model_2_multimer_v3_p1_230419_520396,1,2
IRAK4_P38060_x1,model_3,1.15,77.73,0.248,0.253,0.0252,55,56,IRAK4_P38060_x1_model_3_multimer_v3_p1_230419_423472,1,2
IRAK4_P38060_x1,model_4,1.46,77.78,0.2648,0.318,0.0486,81,92,IRAK4_P38060_x1_model_4_multimer_v3_p1_230419_612609,1,2
IRAK4_P38060_x1,model_5,1.44,77.08,0.2326,0.2832,0.0254,61,71,IRAK4_P38060_x1_model_5_multimer_v3_p1_230419_395229,1,2
IRAK4_P47809_x1,model_1,3.23,69.56,0.216,0.3256,0.0348,85,114,IRAK4_P47809_x1_model_1_multimer_v3_p1_230419_043605,1,2
IRAK4_P47809_x1,model_2,1.65,70.59,0.2234,0.3066,0.0346,97,107,IRAK4_P47809_x1_model_2_multimer_v3_p1_230419_443006,1,2
IRAK4_P47809_x1,model_3,7.88,68.83,0.2064,0.2943,0.0266,77,110,IRAK4_P47809_x1_model_3_multimer_v3_p1_230419_411243,1,2
IRAK4_P47809_x1,model_4,6.31,69.47,0.2174,0.3195,0.0348,83,115,IRAK4_P47809_x1_model_4_multimer_v3_p1_230419_853185,1,2
IRAK4_P47809_x1,model_5,2.41,70.12,0.2087,0.2896,0.0299,75,101,IRAK4_P47809_x1_model_5_multimer_v3_p1_230420_632685,1,2
IRAK4_P48024_x1,model_1,1.22,71.41,0.3027,0.3799,0.0549,67,83,IRAK4_P48024_x1_model_1_multimer_v3_p1_230406_413004,1,2
IRAK4_P48024_x1,model_2,1.97,73.28,0.2982,0.3567,0.0563,86,107,IRAK4_P48024_x1_model_2_multimer_v3_p1_230406_724131,1,2
IRAK4_P48024_x1,model_3,1.32,74.32,0.3598,0.3418,0.0897,56,63,IRAK4_P48024_x1_model_3_multimer_v3_p1_230406_631590,1,2
IRAK4_P48024_x1,model_4,0.38,78.34,0.7117,0.5659,0.4533,43,44,IRAK4_P48024_x1_model_4_multimer_v3_p1_230406_415758,1,2
IRAK4_P48024_x1,model_5,0.81,78.35,0.7098,0.5473,0.4235,47,44,IRAK4_P48024_x1_model_5_multimer_v3_p1_230407_717204,1,2
IRAK4_P48024_x1,model_1,3.31,72.17,0.3047,0.4377,0.049,57,78,IRAK4_P48024_x1_model_1_multimer_v3_p1_230419_977570,1,2
IRAK4_P48024_x1,model_2,1.02,73.22,0.3145,0.354,0.0584,83,98,IRAK4_P48024_x1_model_2_multimer_v3_p1_230419_021972,1,2
IRAK4_P48024_x1,model_3,4.45,73.18,0.2984,0.3843,0.032,50,64,IRAK4_P48024_x1_model_3_multimer_v3_p1_230419_407187,1,2
IRAK4_P48024_x1,model_4,1.03,78.68,0.7089,0.5747,0.4396,41,42,IRAK4_P48024_x1_model_4_multimer_v3_p1_230419_121135,1,2
IRAK4_P48024_x1,model_5,0.85,78.19,0.7088,0.5469,0.4284,47,45,IRAK4_P48024_x1_model_5_multimer_v3_p1_230419_869484,1,2
IRAK4_P49722_x1,model_1,1.8,76.02,0.298,0.4151,0.0592,77,135,IRAK4_P49722_x1_model_1_multimer_v3_p1_230419_887608,1,2
IRAK4_P49722_x1,model_2,1.62,77.36,0.3302,0.3411,0.071,74,87,IRAK4_P49722_x1_model_2_multimer_v3_p1_230419_539872,1,2
IRAK4_P49722_x1,model_3,1.58,75.64,0.2749,0.3537,0.0503,98,171,IRAK4_P49722_x1_model_3_multimer_v3_p1_230419_589018,1,2
IRAK4_P49722_x1,model_4,0.9,75.13,0.2847,0.3868,0.0625,96,173,IRAK4_P49722_x1_model_4_multimer_v3_p1_230420_670107,1,2
IRAK4_P49722_x1,model_5,1.66,75.29,0.2685,0.2939,0.0348,80,129,IRAK4_P49722_x1_model_5_multimer_v3_p1_230420_065306,1,2
IRAK4_P51943_x1,model_1,4.28,68.66,0.2163,0.3295,0.0455,88,129,IRAK4_P51943_x1_model_1_multimer_v3_p1_230419_632964,1,2
IRAK4_P51943_x1,model_2,2.42,69.46,0.2113,0.4112,0.0318,73,110,IRAK4_P51943_x1_model_2_multimer_v3_p1_230419_272215,1,2
IRAK4_P51943_x1,model_3,8.01,68.23,0.2001,0.4052,0.0256,70,105,IRAK4_P51943_x1_model_3_multimer_v3_p1_230419_191230,1,2
IRAK4_P51943_x1,model_4,4.52,68.25,0.2258,0.3228,0.0695,82,124,IRAK4_P51943_x1_model_4_multimer_v3_p1_230419_908928,1,2
IRAK4_P51943_x1,model_5,5.21,68.2,0.2057,0.2828,0.0224,50,64,IRAK4_P51943_x1_model_5_multimer_v3_p1_230419_806328,1,2
IRAK4_P58801_x1,model_1,1.67,68.01,0.2784,0.2801,0.0942,112,133,IRAK4_P58801_x1_model_1_multimer_v3_p1_230419_699146,1,2
IRAK4_P58801_x1,model_2,1.99,69.42,0.2164,0.3146,0.037,101,138,IRAK4_P58801_x1_model_2_multimer_v3_p1_230419_317365,1,2
IRAK4_P58801_x1,model_3,1.84,68.82,0.1985,0.3004,0.0187,65,86,IRAK4_P58801_x1_model_3_multimer_v3_p1_230419_366855,1,2
IRAK4_P58801_x1,model_4,5.99,66.42,0.2123,0.2544,0.0444,125,222,IRAK4_P58801_x1_model_4_multimer_v3_p1_230419_395637,1,2
IRAK4_P58801_x1,model_5,2.45,67.89,0.204,0.2573,0.0299,87,114,IRAK4_P58801_x1_model_5_multimer_v3_p1_230419_772622,1,2
IRAK4_P59325_x1,model_1,1.77,70.76,0.3566,0.3266,0.1304,78,98,IRAK4_P59325_x1_model_1_multimer_v3_p1_230419_044323,1,2
IRAK4_P59325_x1,model_2,0.79,71.79,0.3305,0.3211,0.1145,64,75,IRAK4_P59325_x1_model_2_multimer_v3_p1_230419_201226,1,2
IRAK4_P59325_x1,model_3,1.72,70.15,0.2068,0.2018,0.0104,37,37,IRAK4_P59325_x1_model_3_multimer_v3_p1_230419_802733,1,2
IRAK4_P59325_x1,model_4,2.7,67.89,0.2298,0.388,0.0442,84,135,IRAK4_P59325_x1_model_4_multimer_v3_p1_230419_990304,1,2
IRAK4_P59325_x1,model_5,2.44,71.63,0.4931,0.3268,0.2409,71,89,IRAK4_P59325_x1_model_5_multimer_v3_p1_230420_448518,1,2
IRAK4_P59511_x1,model_1,2.17,58.86,0.2625,0.2204,0.0344,97,123,IRAK4_P59511_x1_model_1_multimer_v3_p1_230419_606446,1,2
IRAK4_P59511_x1,model_2,1.87,62.79,0.2746,0.2911,0.0296,71,84,IRAK4_P59511_x1_model_2_multimer_v3_p1_230420_388664,1,2
IRAK4_P59511_x1,model_3,8.26,61.24,0.285,0.3183,0.0243,47,50,IRAK4_P59511_x1_model_3_multimer_v3_p1_230420_734681,1,2
IRAK4_P59511_x1,model_4,17.51,62.15,0.5568,0.341,0.28,98,100,IRAK4_P59511_x1_model_4_multimer_v3_p1_230420_408045,1,2
IRAK4_P59511_x1,model_5,2.21,61.2,0.3018,0.174,0.035,67,57,IRAK4_P59511_x1_model_5_multimer_v3_p1_230420_302868,1,2
IRAK4_P60762_x1,model_1,1.46,66.72,0.2281,0.2728,0.036,88,104,IRAK4_P60762_x1_model_1_multimer_v3_p1_230419_607222,1,2
IRAK4_P60762_x1,model_2,1.29,69.28,0.2279,0.178,0.0375,78,100,IRAK4_P60762_x1_model_2_multimer_v3_p1_230419_270489,1,2
IRAK4_P60762_x1,model_3,3.32,68.58,0.2171,0.2886,0.0236,57,61,IRAK4_P60762_x1_model_3_multimer_v3_p1_230419_560368,1,2
IRAK4_P60762_x1,model_4,2.07,67.31,0.2394,0.1808,0.0249,55,52,IRAK4_P60762_x1_model_4_multimer_v3_p1_230419_800960,1,2
IRAK4_P60762_x1,model_5,1.35,68.07,0.213,0.2698,0.0248,61,76,IRAK4_P60762_x1_model_5_multimer_v3_p1_230419_934919,1,2
IRAK4_P61759_x1,model_1,1.87,74.68,0.4664,0.3492,0.1883,54,49,IRAK4_P61759_x1_model_1_multimer_v3_p1_230406_932667,1,2
IRAK4_P61759_x1,model_2,1.33,75.33,0.2938,0.2721,0.0626,45,43,IRAK4_P61759_x1_model_2_multimer_v3_p1_230406_907690,1,2
IRAK4_P61759_x1,model_3,0.52,76.91,0.569,0.3793,0.2298,47,42,IRAK4_P61759_x1_model_3_multimer_v3_p1_230407_708839,1,2
IRAK4_P61759_x1,model_4,0.67,76.74,0.5786,0.4009,0.248,47,44,IRAK4_P61759_x1_model_4_multimer_v3_p1_230407_923340,1,2
IRAK4_P61759_x1,model_5,1.03,76.19,0.5648,0.3833,0.2361,44,40,IRAK4_P61759_x1_model_5_multimer_v3_p1_230407_323134,1,2
IRAK4_P61759_x1,model_1,1.09,76.4,0.5489,0.3814,0.2453,50,46,IRAK4_P61759_x1_model_1_multimer_v3_p1_230419_031883,1,2
IRAK4_P61759_x1,model_2,1.9,74.73,0.2538,0.2622,0.0376,44,47,IRAK4_P61759_x1_model_2_multimer_v3_p1_230419_086563,1,2
IRAK4_P61759_x1,model_3,2.56,74.72,0.2848,0.299,0.0549,45,47,IRAK4_P61759_x1_model_3_multimer_v3_p1_230419_324045,1,2
IRAK4_P61759_x1,model_4,3.03,74.73,0.4222,0.3472,0.1586,50,45,IRAK4_P61759_x1_model_4_multimer_v3_p1_230419_772063,1,2
IRAK4_P61759_x1,model_5,1.96,75.48,0.5085,0.3904,0.2141,48,47,IRAK4_P61759_x1_model_5_multimer_v3_p1_230419_187271,1,2
IRAK4_P70191_x1,model_1,1.78,69.9,0.2692,0.3499,0.073,69,86,IRAK4_P70191_x1_model_1_multimer_v3_p1_230419_015442,1,2
IRAK4_P70191_x1,model_2,1.72,72.63,0.234,0.3482,0.0479,65,92,IRAK4_P70191_x1_model_2_multimer_v3_p1_230419_279657,1,2
IRAK4_P70191_x1,model_3,2.86,69.87,0.2562,0.2775,0.0539,63,60,IRAK4_P70191_x1_model_3_multimer_v3_p1_230420_165262,1,2
IRAK4_P70191_x1,model_4,2.07,70.12,0.2061,0.3569,0.0398,78,116,IRAK4_P70191_x1_model_4_multimer_v3_p1_230420_908295,1,2
IRAK4_P70191_x1,model_5,3.22,70.86,0.2426,0.3781,0.0482,67,102,IRAK4_P70191_x1_model_5_multimer_v3_p1_230420_743072,1,2
IRAK4_P84102_x1,model_1,0.83,74.45,0.3883,0.3532,0.1386,68,80,IRAK4_P84102_x1_model_1_multimer_v3_p1_230406_478030,1,2
IRAK4_P84102_x1,model_2,0.7,75.75,0.391,0.389,0.1092,41,41,IRAK4_P84102_x1_model_2_multimer_v3_p1_230406_078635,1,2
IRAK4_P84102_x1,model_3,1.21,74.1,0.3533,0.4468,0.073,55,61,IRAK4_P84102_x1_model_3_multimer_v3_p1_230407_395356,1,2
IRAK4_P84102_x1,model_4,1.02,74.5,0.393,0.4197,0.0704,53,65,IRAK4_P84102_x1_model_4_multimer_v3_p1_230407_177119,1,2
IRAK4_P84102_x1,model_5,1.52,72.93,0.3457,0.3933,0.0647,62,69,IRAK4_P84102_x1_model_5_multimer_v3_p1_230407_076215,1,2
IRAK4_P84102_x1,model_1,0.54,74.01,0.3985,0.4265,0.1016,67,91,IRAK4_P84102_x1_model_1_multimer_v3_p1_230419_351816,1,2
IRAK4_P84102_x1,model_2,0.89,74.54,0.3691,0.4648,0.0744,58,73,IRAK4_P84102_x1_model_2_multimer_v3_p1_230420_552321,1,2
IRAK4_P84102_x1,model_3,0.88,73.13,0.3741,0.4029,0.0813,62,56,IRAK4_P84102_x1_model_3_multimer_v3_p1_230420_850317,1,2
IRAK4_P84102_x1,model_4,1.83,73.57,0.3833,0.4271,0.0756,56,72,IRAK4_P84102_x1_model_4_multimer_v3_p1_230420_165635,1,2
IRAK4_P84102_x1,model_5,3.73,72.7,0.3637,0.3412,0.0687,75,96,IRAK4_P84102_x1_model_5_multimer_v3_p1_230420_399920,1,2
IRAK4_P99029_x1,model_1,2.35,75.28,0.2658,0.407,0.0359,52,64,IRAK4_P99029_x1_model_1_multimer_v3_p1_230419_307514,1,2
IRAK4_P99029_x1,model_2,1.45,76.57,0.2842,0.3786,0.0283,47,49,IRAK4_P99029_x1_model_2_multimer_v3_p1_230419_793529,1,2
IRAK4_P99029_x1,model_3,1.99,73.94,0.2704,0.2887,0.0155,32,36,IRAK4_P99029_x1_model_3_multimer_v3_p1_230419_283883,1,2
IRAK4_P99029_x1,model_4,1.46,74.1,0.2744,0.3741,0.0201,38,39,IRAK4_P99029_x1_model_4_multimer_v3_p1_230419_153548,1,2
IRAK4_P99029_x1,model_5,2.7,74.23,0.2523,0.193,0.0065,27,28,IRAK4_P99029_x1_model_5_multimer_v3_p1_230419_317882,1,2
IRAK4_Q02614_x1,model_1,1.95,59.56,0.2641,0.3872,0.1148,88,92,IRAK4_Q02614_x1_model_1_multimer_v3_p1_230407_698640,1,2
IRAK4_Q02614_x1,model_2,3.3,61.15,0.1951,0.2768,0.0065,31,29,IRAK4_Q02614_x1_model_2_multimer_v3_p1_230407_925998,1,2
IRAK4_Q02614_x1,model_3,2.37,61.63,0.191,0.1999,0.0055,28,31,IRAK4_Q02614_x1_model_3_multimer_v3_p1_230407_801279,1,2
IRAK4_Q02614_x1,model_4,4.21,60.47,0.1909,0.1946,0.0083,30,29,IRAK4_Q02614_x1_model_4_multimer_v3_p1_230407_457164,1,2
IRAK4_Q02614_x1,model_5,1.85,62.09,0.196,0.0253,5e-04,14,9,IRAK4_Q02614_x1_model_5_multimer_v3_p1_230407_945984,2,2
IRAK4_Q02614_x1,model_1,2.57,59.69,0.2361,0.3762,0.0574,48,56,IRAK4_Q02614_x1_model_1_multimer_v3_p1_230419_801197,1,2
IRAK4_Q02614_x1,model_2,1.38,61.11,0.2069,0.3554,0.0344,55,51,IRAK4_Q02614_x1_model_2_multimer_v3_p1_230419_786887,1,2
IRAK4_Q02614_x1,model_3,3.03,61.67,0.2931,0.3653,0.1175,59,70,IRAK4_Q02614_x1_model_3_multimer_v3_p1_230419_043676,1,2
IRAK4_Q02614_x1,model_4,2.95,60.87,0.2179,0.4211,0.0563,59,73,IRAK4_Q02614_x1_model_4_multimer_v3_p1_230419_291078,1,2
IRAK4_Q02614_x1,model_5,3.44,61.21,0.266,0.3978,0.095,50,58,IRAK4_Q02614_x1_model_5_multimer_v3_p1_230419_635346,1,2
IRAK4_Q3TIX9_x1,model_1,2.48,73.73,0.2349,0.3386,0.0335,75,87,IRAK4_Q3TIX9_x1_model_1_multimer_v3_p1_230419_011203,1,2
IRAK4_Q3TIX9_x1,model_2,2.31,75.07,0.233,0.4147,0.0249,66,112,IRAK4_Q3TIX9_x1_model_2_multimer_v3_p1_230419_250058,1,2
IRAK4_Q3TIX9_x1,model_3,3.66,74.41,0.2388,0.3197,0.0225,56,62,IRAK4_Q3TIX9_x1_model_3_multimer_v3_p1_230419_885420,1,2
IRAK4_Q3TIX9_x1,model_4,2.86,73.57,0.2327,0.3271,0.0267,75,104,IRAK4_Q3TIX9_x1_model_4_multimer_v3_p1_230419_246542,1,2
IRAK4_Q3TIX9_x1,model_5,2.32,74.92,0.2211,0.3353,0.0135,46,54,IRAK4_Q3TIX9_x1_model_5_multimer_v3_p1_230419_781446,1,2
IRAK4_Q3TW96_x1,model_1,0.74,81.75,0.63,0.352,0.2395,88,105,IRAK4_Q3TW96_x1_model_1_multimer_v3_p1_230419_128132,1,2
IRAK4_Q3TW96_x1,model_2,0.56,80.36,0.2517,0.283,0.0376,82,101,IRAK4_Q3TW96_x1_model_2_multimer_v3_p1_230419_150029,1,2
IRAK4_Q3TW96_x1,model_3,0.79,81.71,0.2569,0.3267,0.0338,89,155,IRAK4_Q3TW96_x1_model_3_multimer_v3_p1_230420_311827,1,2
IRAK4_Q3TW96_x1,model_4,1.54,79.64,0.2355,0.3559,0.0251,72,80,IRAK4_Q3TW96_x1_model_4_multimer_v3_p1_230420_272871,1,2
IRAK4_Q3TW96_x1,model_5,1.07,80.61,0.2293,0.2669,0.0219,77,93,IRAK4_Q3TW96_x1_model_5_multimer_v3_p1_230420_744224,1,2
IRAK4_Q3UB74_x1,model_1,2.45,62.53,0.2545,0.4508,0.1071,80,128,IRAK4_Q3UB74_x1_model_1_multimer_v3_p1_230406_198854,1,2
IRAK4_Q3UB74_x1,model_2,1.61,63.7,0.2425,0.3996,0.1012,104,176,IRAK4_Q3UB74_x1_model_2_multimer_v3_p1_230406_601575,1,2
IRAK4_Q3UB74_x1,model_3,2.09,62.65,0.2499,0.2626,0.0738,91,107,IRAK4_Q3UB74_x1_model_3_multimer_v3_p1_230406_361339,1,2
IRAK4_Q3UB74_x1,model_4,8.43,60.66,0.2353,0.4588,0.0648,109,172,IRAK4_Q3UB74_x1_model_4_multimer_v3_p1_230406_228436,1,2
IRAK4_Q3UB74_x1,model_5,3.27,62.13,0.2225,0.427,0.0715,108,182,IRAK4_Q3UB74_x1_model_5_multimer_v3_p1_230407_753571,1,2
IRAK4_Q3UB74_x1,model_1,3.02,62.67,0.277,0.4461,0.1354,91,140,IRAK4_Q3UB74_x1_model_1_multimer_v3_p1_230419_324474,1,2
IRAK4_Q3UB74_x1,model_2,2.61,63.1,0.2238,0.4671,0.0673,105,182,IRAK4_Q3UB74_x1_model_2_multimer_v3_p1_230419_425371,1,2
IRAK4_Q3UB74_x1,model_3,2.21,62.91,0.2263,0.3954,0.0585,73,103,IRAK4_Q3UB74_x1_model_3_multimer_v3_p1_230419_963707,1,2
IRAK4_Q3UB74_x1,model_4,3.9,61.38,0.2203,0.3763,0.0522,80,147,IRAK4_Q3UB74_x1_model_4_multimer_v3_p1_230419_192648,1,2
IRAK4_Q3UB74_x1,model_5,3.88,61.86,0.245,0.4185,0.0932,93,124,IRAK4_Q3UB74_x1_model_5_multimer_v3_p1_230419_957763,1,2
IRAK4_Q3UHX2_x1,model_1,1.28,64.97,0.29,0.4631,0.1192,82,99,IRAK4_Q3UHX2_x1_model_1_multimer_v3_p1_230406_943318,1,2
IRAK4_Q3UHX2_x1,model_2,1.64,65.9,0.2798,0.4469,0.1038,74,92,IRAK4_Q3UHX2_x1_model_2_multimer_v3_p1_230406_936170,1,2
IRAK4_Q3UHX2_x1,model_3,2.48,64.82,0.2921,0.4297,0.1091,85,104,IRAK4_Q3UHX2_x1_model_3_multimer_v3_p1_230406_647341,1,2
IRAK4_Q3UHX2_x1,model_4,5.65,64.35,0.2887,0.42,0.117,99,121,IRAK4_Q3UHX2_x1_model_4_multimer_v3_p1_230406_545937,1,2
IRAK4_Q3UHX2_x1,model_5,1.48,64.04,0.3178,0.4491,0.1556,80,95,IRAK4_Q3UHX2_x1_model_5_multimer_v3_p1_230407_649724,1,2
IRAK4_Q3UHX2_x1,model_1,2.24,65.6,0.2975,0.4918,0.1547,75,91,IRAK4_Q3UHX2_x1_model_1_multimer_v3_p1_230419_081155,1,2
IRAK4_Q3UHX2_x1,model_2,1.75,66.38,0.2666,0.4114,0.1082,81,102,IRAK4_Q3UHX2_x1_model_2_multimer_v3_p1_230419_924398,1,2
IRAK4_Q3UHX2_x1,model_3,1.42,64.74,0.2483,0.382,0.0707,108,137,IRAK4_Q3UHX2_x1_model_3_multimer_v3_p1_230419_130438,1,2
IRAK4_Q3UHX2_x1,model_4,4.73,64.7,0.2828,0.4363,0.1117,83,112,IRAK4_Q3UHX2_x1_model_4_multimer_v3_p1_230419_104011,1,2
IRAK4_Q3UHX2_x1,model_5,1.34,63.35,0.2414,0.402,0.0554,61,69,IRAK4_Q3UHX2_x1_model_5_multimer_v3_p1_230419_163809,1,2
IRAK4_Q499X9_x1,model_1,2.18,79.28,0.2367,0.3531,0.0315,75,129,IRAK4_Q499X9_x1_model_1_multimer_v3_p1_230419_533356,1,2
IRAK4_Q499X9_x1,model_2,1.66,79.92,0.2412,0.3539,0.0286,56,76,IRAK4_Q499X9_x1_model_2_multimer_v3_p1_230419_218338,1,2
IRAK4_Q499X9_x1,model_3,1.44,80.17,0.2431,0.3027,0.0102,44,41,IRAK4_Q499X9_x1_model_3_multimer_v3_p1_230419_028813,1,2
IRAK4_Q499X9_x1,model_4,1.57,81.32,0.7349,0.4247,0.3345,65,62,IRAK4_Q499X9_x1_model_4_multimer_v3_p1_230419_726323,1,2
IRAK4_Q499X9_x1,model_5,1.29,79.67,0.2466,0.2383,0.0203,60,58,IRAK4_Q499X9_x1_model_5_multimer_v3_p1_230420_005455,1,2
IRAK4_Q52KE7_x1,model_1,3.63,62.59,0.2205,0.3563,0.0262,39,45,IRAK4_Q52KE7_x1_model_1_multimer_v3_p1_230419_151779,1,2
IRAK4_Q52KE7_x1,model_2,3.4,63.04,0.2746,0.3299,0.0893,54,51,IRAK4_Q52KE7_x1_model_2_multimer_v3_p1_230419_056742,1,2
IRAK4_Q52KE7_x1,model_3,2.31,62.9,0.3654,0.3578,0.1833,76,75,IRAK4_Q52KE7_x1_model_3_multimer_v3_p1_230419_067711,1,2
IRAK4_Q52KE7_x1,model_4,4.14,63.47,0.4167,0.4178,0.237,76,81,IRAK4_Q52KE7_x1_model_4_multimer_v3_p1_230419_507801,1,2
IRAK4_Q52KE7_x1,model_5,5.16,63.22,0.2175,0.2825,0.0111,30,32,IRAK4_Q52KE7_x1_model_5_multimer_v3_p1_230420_846966,1,2
IRAK4_Q56A08_x1,model_1,2.22,58.39,0.2108,0.329,0.0394,63,77,IRAK4_Q56A08_x1_model_1_multimer_v3_p1_230406_182092,1,2
IRAK4_Q56A08_x1,model_2,1.51,60.73,0.2048,0.3739,0.0323,76,119,IRAK4_Q56A08_x1_model_2_multimer_v3_p1_230406_116692,1,2
IRAK4_Q56A08_x1,model_3,2.38,59.68,0.1948,0.2911,0.0247,59,64,IRAK4_Q56A08_x1_model_3_multimer_v3_p1_230406_748309,1,2
IRAK4_Q56A08_x1,model_4,5.15,58.38,0.1988,0.3194,0.0306,68,104,IRAK4_Q56A08_x1_model_4_multimer_v3_p1_230406_206744,1,2
IRAK4_Q56A08_x1,model_5,2.73,58.83,0.1871,0.3341,0.0182,55,97,IRAK4_Q56A08_x1_model_5_multimer_v3_p1_230406_192802,1,2
IRAK4_Q56A08_x1,model_1,1.31,58.72,0.2124,0.4054,0.0449,83,120,IRAK4_Q56A08_x1_model_1_multimer_v3_p1_230419_733442,1,2
IRAK4_Q56A08_x1,model_2,1.8,59.99,0.2284,0.431,0.0638,91,151,IRAK4_Q56A08_x1_model_2_multimer_v3_p1_230419_570927,1,2
IRAK4_Q56A08_x1,model_3,3.88,59.37,0.1996,0.3623,0.0269,55,63,IRAK4_Q56A08_x1_model_3_multimer_v3_p1_230419_951346,1,2
IRAK4_Q56A08_x1,model_4,6.86,57.12,0.2114,0.2992,0.0507,88,114,IRAK4_Q56A08_x1_model_4_multimer_v3_p1_230420_060861,1,2
IRAK4_Q56A08_x1,model_5,4.5,59.06,0.1959,0.3368,0.0243,56,82,IRAK4_Q56A08_x1_model_5_multimer_v3_p1_230420_238181,1,2
IRAK4_Q5DTM8_x1,model_1,6.9,59.02,0.3177,0.2226,0.0397,28,25,IRAK4_Q5DTM8_x1_model_1_multimer_v3_p1_230419_965081,1,2
IRAK4_Q5DTM8_x1,model_2,10.09,58.28,0.2202,0.2651,0.0175,35,37,IRAK4_Q5DTM8_x1_model_2_multimer_v3_p1_230419_533789,1,2
IRAK4_Q5DTM8_x1,model_3,6.76,61.41,0.3015,0.3738,0.1142,71,81,IRAK4_Q5DTM8_x1_model_3_multimer_v3_p1_230419_454383,1,2
IRAK4_Q5DTM8_x1,model_4,9.1,52.85,0.2869,0.3549,0.079,59,75,IRAK4_Q5DTM8_x1_model_4_multimer_v3_p1_230420_454752,1,2
IRAK4_Q5DTM8_x1,model_5,7.8,59.74,0.3832,0.3734,0.1372,41,35,IRAK4_Q5DTM8_x1_model_5_multimer_v3_p1_230420_819041,1,2
IRAK4_Q5HZG4_x1,model_1,2.57,44.21,0.2483,0.3583,0.0634,81,93,IRAK4_Q5HZG4_x1_model_1_multimer_v3_p1_230406_341742,1,2
IRAK4_Q5HZG4_x1,model_2,5.83,46.68,0.487,0.4582,0.3409,55,71,IRAK4_Q5HZG4_x1_model_2_multimer_v3_p1_230406_644104,1,2
IRAK4_Q5HZG4_x1,model_3,2.82,43.94,0.234,0.2908,0.046,64,92,IRAK4_Q5HZG4_x1_model_3_multimer_v3_p1_230406_506833,1,2
IRAK4_Q5HZG4_x1,model_4,4.5,42.6,0.4101,0.3419,0.1763,99,126,IRAK4_Q5HZG4_x1_model_4_multimer_v3_p1_230407_196703,1,2
IRAK4_Q5HZG4_x1,model_5,9.73,44.37,0.2248,0.3358,0.0528,72,105,IRAK4_Q5HZG4_x1_model_5_multimer_v3_p1_230407_329024,1,2
IRAK4_Q5HZG4_x1,model_1,3.22,44.53,0.2472,0.3436,0.0602,76,83,IRAK4_Q5HZG4_x1_model_1_multimer_v3_p1_230419_132031,1,2
IRAK4_Q5HZG4_x1,model_2,2.72,45.96,0.2293,0.3362,0.0541,100,152,IRAK4_Q5HZG4_x1_model_2_multimer_v3_p1_230419_633763,1,2
IRAK4_Q5HZG4_x1,model_3,3.52,43.37,0.2397,0.2567,0.0536,82,110,IRAK4_Q5HZG4_x1_model_3_multimer_v3_p1_230419_638300,1,2
IRAK4_Q5HZG4_x1,model_4,11.81,42.1,0.2293,0.243,0.0544,92,113,IRAK4_Q5HZG4_x1_model_4_multimer_v3_p1_230419_015830,1,2
IRAK4_Q5HZG4_x1,model_5,6.56,44.45,0.2217,0.2844,0.053,105,132,IRAK4_Q5HZG4_x1_model_5_multimer_v3_p1_230419_030007,1,2
IRAK4_Q60872_x1,model_1,1.91,72.72,0.2997,0.3747,0.0627,68,73,IRAK4_Q60872_x1_model_1_multimer_v3_p1_230419_663346,1,2
IRAK4_Q60872_x1,model_2,1.76,72.82,0.2803,0.4341,0.0421,49,71,IRAK4_Q60872_x1_model_2_multimer_v3_p1_230419_035104,1,2
IRAK4_Q60872_x1,model_3,1.04,73.07,0.269,0.2933,0.0271,42,47,IRAK4_Q60872_x1_model_3_multimer_v3_p1_230420_637096,1,2
IRAK4_Q60872_x1,model_4,1.36,72.57,0.2953,0.3064,0.038,45,45,IRAK4_Q60872_x1_model_4_multimer_v3_p1_230420_512622,1,2
IRAK4_Q60872_x1,model_5,1.84,72.23,0.2684,0.2913,0.0374,58,59,IRAK4_Q60872_x1_model_5_multimer_v3_p1_230420_465671,1,2
IRAK4_Q61048_x1,model_1,3.09,56.75,0.2651,0.4449,0.1222,134,193,IRAK4_Q61048_x1_model_1_multimer_v3_p1_230407_193188,1,2
IRAK4_Q61048_x1,model_2,2.4,59.34,0.2071,0.4429,0.0542,66,83,IRAK4_Q61048_x1_model_2_multimer_v3_p1_230407_953222,1,2
IRAK4_Q61048_x1,model_3,2.68,57.48,0.2025,0.2511,0.0328,51,47,IRAK4_Q61048_x1_model_3_multimer_v3_p1_230407_363683,1,2
IRAK4_Q61048_x1,model_4,3.36,55.26,0.2098,0.2895,0.0604,99,106,IRAK4_Q61048_x1_model_4_multimer_v3_p1_230407_682925,1,2
IRAK4_Q61048_x1,model_5,2.5,57.86,0.2034,0.1945,0.0215,47,47,IRAK4_Q61048_x1_model_5_multimer_v3_p1_230407_019259,1,2
IRAK4_Q61048_x1,model_1,1.41,57.12,0.239,0.3695,0.0619,63,65,IRAK4_Q61048_x1_model_1_multimer_v3_p1_230419_563353,1,2
IRAK4_Q61048_x1,model_2,2.18,59.38,0.216,0.2263,0.024,45,48,IRAK4_Q61048_x1_model_2_multimer_v3_p1_230420_964191,1,2
IRAK4_Q61048_x1,model_3,2.9,57.65,0.2051,0.207,0.0243,49,57,IRAK4_Q61048_x1_model_3_multimer_v3_p1_230420_337645,1,2
IRAK4_Q61048_x1,model_4,2.26,55.85,0.2147,0.2885,0.0535,83,91,IRAK4_Q61048_x1_model_4_multimer_v3_p1_230420_650468,1,2
IRAK4_Q61048_x1,model_5,1.95,57.08,0.2047,0.2143,0.0059,26,35,IRAK4_Q61048_x1_model_5_multimer_v3_p1_230420_637407,1,2
IRAK4_Q61102_x1,model_1,1.26,72.58,0.2244,0.0835,0.0015,23,19,IRAK4_Q61102_x1_model_1_multimer_v3_p1_230419_574156,1,2
IRAK4_Q61102_x1,model_2,1.56,72.25,0.215,0.0193,2e-04,12,6,IRAK4_Q61102_x1_model_2_multimer_v3_p1_230419_167318,2,2
IRAK4_Q61102_x1,model_3,1.66,71.29,0.2337,0.207,0.0113,46,70,IRAK4_Q61102_x1_model_3_multimer_v3_p1_230420_540671,1,2
IRAK4_Q61102_x1,model_4,1.28,70.05,0.2477,0.241,0.0279,39,33,IRAK4_Q61102_x1_model_4_multimer_v3_p1_230420_918917,1,2
IRAK4_Q61102_x1,model_5,1.51,70.52,0.2223,0.1431,0.0042,30,35,IRAK4_Q61102_x1_model_5_multimer_v3_p1_230420_777528,1,2
IRAK4_Q61599_x1,model_1,1.48,71.16,0.2286,0.3008,0.0342,72,101,IRAK4_Q61599_x1_model_1_multimer_v3_p1_230406_462193,1,2
IRAK4_Q61599_x1,model_2,1.93,73.49,0.2336,0.4084,0.0315,59,73,IRAK4_Q61599_x1_model_2_multimer_v3_p1_230406_647965,1,2
IRAK4_Q61599_x1,model_3,0.84,72.49,0.2362,0.4183,0.0339,73,83,IRAK4_Q61599_x1_model_3_multimer_v3_p1_230406_974564,1,2
IRAK4_Q61599_x1,model_4,4.72,71.95,0.2393,0.3143,0.0309,59,74,IRAK4_Q61599_x1_model_4_multimer_v3_p1_230407_660092,1,2
IRAK4_Q61599_x1,model_5,2.04,72.45,0.2264,0.3617,0.0256,61,74,IRAK4_Q61599_x1_model_5_multimer_v3_p1_230407_316301,1,2
IRAK4_Q61599_x1,model_1,2.48,72.78,0.2338,0.3057,0.0366,67,94,IRAK4_Q61599_x1_model_1_multimer_v3_p1_230419_747162,1,2
IRAK4_Q61599_x1,model_2,1.4,73.72,0.2393,0.3858,0.0342,61,74,IRAK4_Q61599_x1_model_2_multimer_v3_p1_230419_770106,1,2
IRAK4_Q61599_x1,model_3,2.3,72.76,0.2229,0.3324,0.0299,74,128,IRAK4_Q61599_x1_model_3_multimer_v3_p1_230419_092066,1,2
IRAK4_Q61599_x1,model_4,1.62,70.81,0.2243,0.2922,0.0364,76,107,IRAK4_Q61599_x1_model_4_multimer_v3_p1_230419_090481,1,2
IRAK4_Q61599_x1,model_5,1.86,70.87,0.2119,0.2554,0.0245,58,76,IRAK4_Q61599_x1_model_5_multimer_v3_p1_230419_253067,1,2
IRAK4_Q61749_x1,model_1,3.03,69.58,0.2566,0.3061,0.0624,86,91,IRAK4_Q61749_x1_model_1_multimer_v3_p1_230419_970398,1,2
IRAK4_Q61749_x1,model_2,1.18,71.15,0.2652,0.3339,0.0543,74,75,IRAK4_Q61749_x1_model_2_multimer_v3_p1_230419_185518,1,2
IRAK4_Q61749_x1,model_3,2.03,69.96,0.2435,0.3501,0.0433,90,150,IRAK4_Q61749_x1_model_3_multimer_v3_p1_230419_378854,1,2
IRAK4_Q61749_x1,model_4,2.25,68.05,0.2183,0.32,0.0432,105,175,IRAK4_Q61749_x1_model_4_multimer_v3_p1_230419_088044,1,2
IRAK4_Q61749_x1,model_5,3.8,69.33,0.2239,0.3352,0.0416,86,129,IRAK4_Q61749_x1_model_5_multimer_v3_p1_230419_290021,1,2
IRAK4_Q62209_x1,model_1,5.45,54.24,0.2146,0.2097,0.0099,31,44,IRAK4_Q62209_x1_model_1_multimer_v3_p1_230406_014773,1,2
IRAK4_Q62209_x1,model_2,18.68,54.89,0.1823,0.0028,0,4,2,IRAK4_Q62209_x1_model_2_multimer_v3_p1_230406_240001,2,2
IRAK4_Q62209_x1,model_3,17.04,57.31,0.5219,0.3984,0.2862,55,49,IRAK4_Q62209_x1_model_3_multimer_v3_p1_230406_188338,1,2
IRAK4_Q62209_x1,model_4,9.72,48.93,0.2465,0.3142,0.0437,50,48,IRAK4_Q62209_x1_model_4_multimer_v3_p1_230407_322436,1,2
IRAK4_Q62209_x1,model_5,4.83,57.62,0.3413,0.3312,0.1095,46,41,IRAK4_Q62209_x1_model_5_multimer_v3_p1_230407_621049,1,2
IRAK4_Q62209_x1,model_1,3.83,54.81,0.2218,0.2275,0.0165,33,39,IRAK4_Q62209_x1_model_1_multimer_v3_p1_230419_394578,1,2
IRAK4_Q62209_x1,model_2,7.6,58.69,0.222,0.2151,0.0067,25,19,IRAK4_Q62209_x1_model_2_multimer_v3_p1_230419_445089,1,2
IRAK4_Q62209_x1,model_3,37.44,55.1,0.3149,0.3688,0.0784,51,51,IRAK4_Q62209_x1_model_3_multimer_v3_p1_230419_398354,1,2
IRAK4_Q62209_x1,model_4,22.83,46.5,0.231,0.4096,0.0587,79,97,IRAK4_Q62209_x1_model_4_multimer_v3_p1_230419_815374,1,2
IRAK4_Q62209_x1,model_5,41.09,55.99,0.1846,0.0014,0,2,1,IRAK4_Q62209_x1_model_5_multimer_v3_p1_230419_551189,2,2
IRAK4_Q62406_x1,model_1,2.02,66.21,0.6186,0.5471,0.5015,108,124,IRAK4_Q62406_x1_model_1_multimer_v3_p1_230419_478120,1,2
IRAK4_Q62406_x1,model_2,1.36,65.54,0.5974,0.5179,0.4679,116,139,IRAK4_Q62406_x1_model_2_multimer_v3_p1_230419_373544,1,2
IRAK4_Q62406_x1,model_3,1.89,64.25,0.6041,0.5544,0.4943,104,117,IRAK4_Q62406_x1_model_3_multimer_v3_p1_230419_620297,1,2
IRAK4_Q62406_x1,model_4,7.52,62.74,0.5753,0.5408,0.4523,88,89,IRAK4_Q62406_x1_model_4_multimer_v3_p1_230420_804060,1,2
IRAK4_Q62406_x1,model_5,6.59,64.53,0.5996,0.5161,0.4389,104,132,IRAK4_Q62406_x1_model_5_multimer_v3_p1_230420_147475,1,2
IRAK4_Q64152_x1,model_1,1.88,64.11,0.2739,0.3291,0.0947,60,74,IRAK4_Q64152_x1_model_1_multimer_v3_p1_230406_509918,1,2
IRAK4_Q64152_x1,model_2,7.17,67.51,0.3957,0.3105,0.1327,36,35,IRAK4_Q64152_x1_model_2_multimer_v3_p1_230407_555070,1,2
IRAK4_Q64152_x1,model_3,1.82,64.19,0.2276,0.3201,0.0596,71,97,IRAK4_Q64152_x1_model_3_multimer_v3_p1_230407_122443,1,2
IRAK4_Q64152_x1,model_4,1.98,63.07,0.2439,0.3042,0.0715,68,85,IRAK4_Q64152_x1_model_4_multimer_v3_p1_230407_642798,1,2
IRAK4_Q64152_x1,model_5,3.34,62.93,0.2331,0.3104,0.0202,33,38,IRAK4_Q64152_x1_model_5_multimer_v3_p1_230407_582709,1,2
IRAK4_Q64152_x1,model_1,2.71,64.5,0.2882,0.254,0.0888,63,93,IRAK4_Q64152_x1_model_1_multimer_v3_p1_230419_783771,1,2
IRAK4_Q64152_x1,model_2,1.68,67.64,0.3313,0.3257,0.0825,32,32,IRAK4_Q64152_x1_model_2_multimer_v3_p1_230419_955969,1,2
IRAK4_Q64152_x1,model_3,3.74,63.52,0.243,0.4397,0.0673,60,122,IRAK4_Q64152_x1_model_3_multimer_v3_p1_230419_093747,1,2
IRAK4_Q64152_x1,model_4,3.4,62.43,0.2385,0.2559,0.058,73,110,IRAK4_Q64152_x1_model_4_multimer_v3_p1_230419_878878,1,2
IRAK4_Q64152_x1,model_5,1.96,63.29,0.2278,0.2947,0.0185,34,34,IRAK4_Q64152_x1_model_5_multimer_v3_p1_230419_952789,1,2
IRAK4_Q6NZB0_x1,model_1,4.71,74.09,0.325,0.4045,0.1314,56,56,IRAK4_Q6NZB0_x1_model_1_multimer_v3_p1_230419_630490,1,2
IRAK4_Q6NZB0_x1,model_2,3.83,74.19,0.332,0.4126,0.153,50,55,IRAK4_Q6NZB0_x1_model_2_multimer_v3_p1_230419_032130,1,2
IRAK4_Q6NZB0_x1,model_3,1.7,72.93,0.2736,0.3922,0.0629,56,68,IRAK4_Q6NZB0_x1_model_3_multimer_v3_p1_230419_459032,1,2
IRAK4_Q6NZB0_x1,model_4,1.93,72.01,0.273,0.4004,0.0771,53,60,IRAK4_Q6NZB0_x1_model_4_multimer_v3_p1_230419_919606,1,2
IRAK4_Q6NZB0_x1,model_5,2.29,72.43,0.2974,0.3899,0.0935,53,62,IRAK4_Q6NZB0_x1_model_5_multimer_v3_p1_230419_926280,1,2
IRAK4_Q7JJ13_x1,model_1,3.61,52.01,0.2311,0.3455,0.0622,112,166,IRAK4_Q7JJ13_x1_model_1_multimer_v3_p1_230419_213176,1,2
IRAK4_Q7JJ13_x1,model_2,2.21,54.95,0.2271,0.3776,0.0555,97,156,IRAK4_Q7JJ13_x1_model_2_multimer_v3_p1_230420_378278,1,2
IRAK4_Q7JJ13_x1,model_3,5.92,53.65,0.2141,0.2028,0.0272,76,75,IRAK4_Q7JJ13_x1_model_3_multimer_v3_p1_230420_104063,1,2
IRAK4_Q7JJ13_x1,model_4,5.77,52.43,0.2167,0.221,0.0394,116,157,IRAK4_Q7JJ13_x1_model_4_multimer_v3_p1_230420_040855,1,2
IRAK4_Q7JJ13_x1,model_5,3.27,54.04,0.2237,0.2473,0.0416,95,119,IRAK4_Q7JJ13_x1_model_5_multimer_v3_p1_230420_364384,1,2
IRAK4_Q7TQK0_x1,model_1,5.78,53.33,0.2532,0.3787,0.1021,163,264,IRAK4_Q7TQK0_x1_model_1_multimer_v3_p1_230419_185638,1,2
IRAK4_Q7TQK0_x1,model_2,4.06,55.06,0.2467,0.3732,0.0915,163,259,IRAK4_Q7TQK0_x1_model_2_multimer_v3_p1_230419_166803,1,2
IRAK4_Q7TQK0_x1,model_3,2.37,53.67,0.2249,0.3143,0.0377,68,69,IRAK4_Q7TQK0_x1_model_3_multimer_v3_p1_230419_628537,1,2
IRAK4_Q7TQK0_x1,model_4,10.53,52.97,0.212,0.3784,0.054,124,233,IRAK4_Q7TQK0_x1_model_4_multimer_v3_p1_230420_693592,1,2
IRAK4_Q7TQK0_x1,model_5,5.16,53.85,0.2842,0.3346,0.0831,59,86,IRAK4_Q7TQK0_x1_model_5_multimer_v3_p1_230420_534104,1,2
IRAK4_Q80T85_x1,model_1,10.03,53.92,0.3049,0.2633,0.0973,187,231,IRAK4_Q80T85_x1_model_1_multimer_v3_p1_230419_903383,1,2
IRAK4_Q80T85_x1,model_2,4.56,54.76,0.2224,0.4111,0.0572,136,221,IRAK4_Q80T85_x1_model_2_multimer_v3_p1_230419_854677,1,2
IRAK4_Q80T85_x1,model_3,5.87,54.47,0.252,0.2632,0.0497,94,113,IRAK4_Q80T85_x1_model_3_multimer_v3_p1_230419_993911,1,2
IRAK4_Q80T85_x1,model_4,4.03,53.15,0.2294,0.3093,0.04,102,166,IRAK4_Q80T85_x1_model_4_multimer_v3_p1_230419_744760,1,2
IRAK4_Q80T85_x1,model_5,5.89,54.8,0.4157,0.2536,0.1758,106,125,IRAK4_Q80T85_x1_model_5_multimer_v3_p1_230420_634488,1,2
IRAK4_Q80YU0_x1,model_1,1.05,73.89,0.2552,0.2684,0.0555,89,94,IRAK4_Q80YU0_x1_model_1_multimer_v3_p1_230406_988264,1,2
IRAK4_Q80YU0_x1,model_2,3.7,73.55,0.2644,0.3162,0.0655,108,133,IRAK4_Q80YU0_x1_model_2_multimer_v3_p1_230406_998463,1,2
IRAK4_Q80YU0_x1,model_3,14.05,73.13,0.2401,0.2997,0.047,148,251,IRAK4_Q80YU0_x1_model_3_multimer_v3_p1_230406_419282,1,2
IRAK4_Q80YU0_x1,model_4,7.5,72.2,0.2349,0.2347,0.0377,99,122,IRAK4_Q80YU0_x1_model_4_multimer_v3_p1_230407_679877,1,2
IRAK4_Q80YU0_x1,model_5,2.04,73.24,0.2342,0.2756,0.0338,101,137,IRAK4_Q80YU0_x1_model_5_multimer_v3_p1_230407_299803,1,2
IRAK4_Q80YU0_x1,model_1,0.77,78.3,0.5696,0.4603,0.2718,41,40,IRAK4_Q80YU0_x1_model_1_multimer_v3_p1_230419_245016,1,2
IRAK4_Q80YU0_x1,model_2,0.91,74.35,0.2522,0.3841,0.0592,157,239,IRAK4_Q80YU0_x1_model_2_multimer_v3_p1_230419_292560,1,2
IRAK4_Q80YU0_x1,model_3,0.89,76.29,0.5223,0.4347,0.2626,61,63,IRAK4_Q80YU0_x1_model_3_multimer_v3_p1_230419_260535,1,2
IRAK4_Q80YU0_x1,model_4,2.45,76.27,0.5698,0.4631,0.2784,44,40,IRAK4_Q80YU0_x1_model_4_multimer_v3_p1_230420_573230,1,2
IRAK4_Q80YU0_x1,model_5,2.49,74.01,0.2484,0.3223,0.0417,101,130,IRAK4_Q80YU0_x1_model_5_multimer_v3_p1_230420_974923,1,2
IRAK4_Q8BG17_x1,model_1,2.24,62.05,0.2734,0.4347,0.1233,85,138,IRAK4_Q8BG17_x1_model_1_multimer_v3_p1_230407_515444,1,2
IRAK4_Q8BG17_x1,model_2,5.22,64.3,0.2549,0.4539,0.0985,89,115,IRAK4_Q8BG17_x1_model_2_multimer_v3_p1_230407_974051,1,2
IRAK4_Q8BG17_x1,model_3,1.93,63.24,0.2607,0.3151,0.0911,110,121,IRAK4_Q8BG17_x1_model_3_multimer_v3_p1_230407_023474,1,2
IRAK4_Q8BG17_x1,model_4,3.45,61.73,0.2552,0.3367,0.0771,62,70,IRAK4_Q8BG17_x1_model_4_multimer_v3_p1_230407_157199,1,2
IRAK4_Q8BG17_x1,model_5,4.25,62.41,0.2654,0.4081,0.0677,50,56,IRAK4_Q8BG17_x1_model_5_multimer_v3_p1_230407_406691,1,2
IRAK4_Q8BG17_x1,model_1,1.63,63.21,0.2797,0.4511,0.1131,82,122,IRAK4_Q8BG17_x1_model_1_multimer_v3_p1_230419_333322,1,2
IRAK4_Q8BG17_x1,model_2,1.87,64.5,0.2657,0.317,0.0564,42,37,IRAK4_Q8BG17_x1_model_2_multimer_v3_p1_230419_793082,1,2
IRAK4_Q8BG17_x1,model_3,1.01,63.93,0.2914,0.3764,0.0855,45,43,IRAK4_Q8BG17_x1_model_3_multimer_v3_p1_230420_173025,1,2
IRAK4_Q8BG17_x1,model_4,2.58,62.16,0.266,0.3444,0.0838,74,70,IRAK4_Q8BG17_x1_model_4_multimer_v3_p1_230420_946710,1,2
IRAK4_Q8BG17_x1,model_5,3.46,61.57,0.2698,0.3361,0.0839,64,56,IRAK4_Q8BG17_x1_model_5_multimer_v3_p1_230420_106097,1,2
IRAK4_Q8BIJ6_x1,model_1,2.26,79.83,0.2888,0.354,0.0249,65,100,IRAK4_Q8BIJ6_x1_model_1_multimer_v3_p1_230419_439632,1,2
IRAK4_Q8BIJ6_x1,model_2,1.91,79.59,0.2735,0.5091,0.0444,173,506,IRAK4_Q8BIJ6_x1_model_2_multimer_v3_p1_230419_799775,1,2
IRAK4_Q8BIJ6_x1,model_3,6.64,79.91,0.2787,0.4056,0.0203,65,87,IRAK4_Q8BIJ6_x1_model_3_multimer_v3_p1_230419_067703,1,2
IRAK4_Q8BIJ6_x1,model_4,3.1,79.18,0.2743,0.3046,0.0208,62,109,IRAK4_Q8BIJ6_x1_model_4_multimer_v3_p1_230419_103060,1,2
IRAK4_Q8BIJ6_x1,model_5,2.21,79.66,0.2761,0.3697,0.0115,43,42,IRAK4_Q8BIJ6_x1_model_5_multimer_v3_p1_230419_256198,1,2
IRAK4_Q8BU14_x1,model_1,1.49,64.35,0.2551,0.2671,0.0674,60,71,IRAK4_Q8BU14_x1_model_1_multimer_v3_p1_230406_613193,1,2
IRAK4_Q8BU14_x1,model_2,1.8,64.49,0.2404,0.3697,0.0703,71,83,IRAK4_Q8BU14_x1_model_2_multimer_v3_p1_230406_472130,1,2
IRAK4_Q8BU14_x1,model_3,1.86,64.42,0.2912,0.3395,0.121,98,121,IRAK4_Q8BU14_x1_model_3_multimer_v3_p1_230406_161248,1,2
IRAK4_Q8BU14_x1,model_4,2.82,62.19,0.1958,0.2738,0.0098,36,36,IRAK4_Q8BU14_x1_model_4_multimer_v3_p1_230406_291632,1,2
IRAK4_Q8BU14_x1,model_5,2.52,64.16,0.2687,0.2702,0.0923,86,103,IRAK4_Q8BU14_x1_model_5_multimer_v3_p1_230407_093724,1,2
IRAK4_Q8BU14_x1,model_1,1.51,64.33,0.2007,0.2021,0.0279,57,76,IRAK4_Q8BU14_x1_model_1_multimer_v3_p1_230419_801489,1,2
IRAK4_Q8BU14_x1,model_2,1.45,65.05,0.194,0.4418,0.0235,59,68,IRAK4_Q8BU14_x1_model_2_multimer_v3_p1_230419_223427,1,2
IRAK4_Q8BU14_x1,model_3,1.86,64.04,0.2697,0.3522,0.1039,94,129,IRAK4_Q8BU14_x1_model_3_multimer_v3_p1_230419_107121,1,2
IRAK4_Q8BU14_x1,model_4,5.4,62.68,0.1963,0.3032,0.012,36,39,IRAK4_Q8BU14_x1_model_4_multimer_v3_p1_230419_687788,1,2
IRAK4_Q8BU14_x1,model_5,2.42,63.27,0.2489,0.3076,0.0816,75,80,IRAK4_Q8BU14_x1_model_5_multimer_v3_p1_230419_594430,1,2
IRAK4_Q8BZX4_x1,model_1,3.22,53.81,0.2307,0.2819,0.0397,58,62,IRAK4_Q8BZX4_x1_model_1_multimer_v3_p1_230419_793187,1,2
IRAK4_Q8BZX4_x1,model_2,4.23,55.84,0.2387,0.3814,0.0687,87,105,IRAK4_Q8BZX4_x1_model_2_multimer_v3_p1_230419_051765,1,2
IRAK4_Q8BZX4_x1,model_3,4.79,53.05,0.202,0.286,0.0249,58,66,IRAK4_Q8BZX4_x1_model_3_multimer_v3_p1_230419_156755,1,2
IRAK4_Q8BZX4_x1,model_4,2.67,51.22,0.2177,0.3057,0.0331,65,91,IRAK4_Q8BZX4_x1_model_4_multimer_v3_p1_230419_956670,1,2
IRAK4_Q8BZX4_x1,model_5,8.97,54.24,0.2029,0.2047,0.0151,41,36,IRAK4_Q8BZX4_x1_model_5_multimer_v3_p1_230419_343556,1,2
IRAK4_Q8C1S0_x1,model_1,1.53,60.79,0.2212,0.2944,0.0595,84,114,IRAK4_Q8C1S0_x1_model_1_multimer_v3_p1_230406_421976,1,2
IRAK4_Q8C1S0_x1,model_2,1.82,62.67,0.2669,0.3432,0.0707,39,37,IRAK4_Q8C1S0_x1_model_2_multimer_v3_p1_230406_631472,1,2
IRAK4_Q8C1S0_x1,model_3,1.12,61.75,0.2295,0.3244,0.0321,37,42,IRAK4_Q8C1S0_x1_model_3_multimer_v3_p1_230406_485403,1,2
IRAK4_Q8C1S0_x1,model_4,2.49,60.8,0.2054,0.2515,0.0286,58,54,IRAK4_Q8C1S0_x1_model_4_multimer_v3_p1_230407_542917,1,2
IRAK4_Q8C1S0_x1,model_5,4.64,61.18,0.2129,0.2695,0.0109,29,29,IRAK4_Q8C1S0_x1_model_5_multimer_v3_p1_230407_137888,1,2
IRAK4_Q8C1S0_x1,model_1,1.88,60.44,0.2114,0.193,0.0238,48,44,IRAK4_Q8C1S0_x1_model_1_multimer_v3_p1_230419_527604,1,2
IRAK4_Q8C1S0_x1,model_2,2.2,62.07,0.2168,0.2356,0.0163,31,26,IRAK4_Q8C1S0_x1_model_2_multimer_v3_p1_230419_043531,1,2
IRAK4_Q8C1S0_x1,model_3,1.32,61,0.2611,0.3386,0.0337,30,27,IRAK4_Q8C1S0_x1_model_3_multimer_v3_p1_230420_388750,1,2
IRAK4_Q8C1S0_x1,model_4,2.92,60.17,0.2037,0.1551,0.0265,64,77,IRAK4_Q8C1S0_x1_model_4_multimer_v3_p1_230420_641285,1,2
IRAK4_Q8C1S0_x1,model_5,2.04,61.45,0.2121,0.0756,0.0043,22,20,IRAK4_Q8C1S0_x1_model_5_multimer_v3_p1_230420_712118,1,2
IRAK4_Q8C6C7_x1,model_1,2.26,60.25,0.2592,0.3618,0.1229,139,190,IRAK4_Q8C6C7_x1_model_1_multimer_v3_p1_230406_182237,1,2
IRAK4_Q8C6C7_x1,model_2,1.62,61.89,0.2266,0.2515,0.0393,55,67,IRAK4_Q8C6C7_x1_model_2_multimer_v3_p1_230406_861378,1,2
IRAK4_Q8C6C7_x1,model_3,1.36,62.68,0.2188,0.2731,0.0347,64,82,IRAK4_Q8C6C7_x1_model_3_multimer_v3_p1_230407_128812,1,2
IRAK4_Q8C6C7_x1,model_4,1.63,59.48,0.251,0.3467,0.0576,76,99,IRAK4_Q8C6C7_x1_model_4_multimer_v3_p1_230407_253894,1,2
IRAK4_Q8C6C7_x1,model_5,1.69,60.48,0.2167,0.2301,0.033,64,74,IRAK4_Q8C6C7_x1_model_5_multimer_v3_p1_230407_377171,1,2
IRAK4_Q8C6C7_x1,model_1,0.91,60.32,0.2791,0.4784,0.1328,126,160,IRAK4_Q8C6C7_x1_model_1_multimer_v3_p1_230419_619844,1,2
IRAK4_Q8C6C7_x1,model_2,5.72,62.1,0.2332,0.3215,0.0419,64,68,IRAK4_Q8C6C7_x1_model_2_multimer_v3_p1_230419_009470,1,2
IRAK4_Q8C6C7_x1,model_3,7.23,61.06,0.2239,0.2322,0.0464,75,109,IRAK4_Q8C6C7_x1_model_3_multimer_v3_p1_230419_363625,1,2
IRAK4_Q8C6C7_x1,model_4,4.34,59.98,0.2506,0.2864,0.0818,122,170,IRAK4_Q8C6C7_x1_model_4_multimer_v3_p1_230419_271554,1,2
IRAK4_Q8C6C7_x1,model_5,2.21,59.6,0.2267,0.2443,0.037,61,69,IRAK4_Q8C6C7_x1_model_5_multimer_v3_p1_230419_729139,1,2
IRAK4_Q8CFA1_x1,model_1,2.48,64.4,0.5595,0.4126,0.3468,139,170,IRAK4_Q8CFA1_x1_model_1_multimer_v3_p1_230419_694648,1,2
IRAK4_Q8CFA1_x1,model_2,1.66,65.07,0.5444,0.4212,0.3427,116,135,IRAK4_Q8CFA1_x1_model_2_multimer_v3_p1_230419_217487,1,2
IRAK4_Q8CFA1_x1,model_3,2.86,63.61,0.521,0.4399,0.3234,101,111,IRAK4_Q8CFA1_x1_model_3_multimer_v3_p1_230420_218954,1,2
IRAK4_Q8CFA1_x1,model_4,4.94,63.59,0.5474,0.4328,0.3502,120,132,IRAK4_Q8CFA1_x1_model_4_multimer_v3_p1_230420_186411,1,2
IRAK4_Q8CFA1_x1,model_5,1.54,64.2,0.5324,0.3695,0.2929,120,139,IRAK4_Q8CFA1_x1_model_5_multimer_v3_p1_230420_847637,1,2
IRAK4_Q8K194_x1,model_1,1.28,65.67,0.2923,0.5147,0.1216,98,118,IRAK4_Q8K194_x1_model_1_multimer_v3_p1_230406_089287,1,2
IRAK4_Q8K194_x1,model_2,1.06,66.92,0.2722,0.4546,0.0966,97,121,IRAK4_Q8K194_x1_model_2_multimer_v3_p1_230406_463294,1,2
IRAK4_Q8K194_x1,model_3,1.28,64.2,0.2629,0.4179,0.1024,126,146,IRAK4_Q8K194_x1_model_3_multimer_v3_p1_230407_251103,1,2
IRAK4_Q8K194_x1,model_4,1.21,65.41,0.2864,0.4835,0.0928,78,108,IRAK4_Q8K194_x1_model_4_multimer_v3_p1_230407_776110,1,2
IRAK4_Q8K194_x1,model_5,1.32,63.63,0.2523,0.4276,0.094,100,136,IRAK4_Q8K194_x1_model_5_multimer_v3_p1_230407_682183,1,2
IRAK4_Q8K194_x1,model_1,0.93,65.44,0.2666,0.4318,0.1178,124,184,IRAK4_Q8K194_x1_model_1_multimer_v3_p1_230419_616821,1,2
IRAK4_Q8K194_x1,model_2,1.95,66.53,0.2601,0.3997,0.0764,87,105,IRAK4_Q8K194_x1_model_2_multimer_v3_p1_230419_856429,1,2
IRAK4_Q8K194_x1,model_3,0.9,64.88,0.288,0.4437,0.1382,134,201,IRAK4_Q8K194_x1_model_3_multimer_v3_p1_230419_595095,1,2
IRAK4_Q8K194_x1,model_4,2.18,65.19,0.2874,0.4284,0.1036,92,133,IRAK4_Q8K194_x1_model_4_multimer_v3_p1_230419_180093,1,2
IRAK4_Q8K194_x1,model_5,7.73,63.65,0.2342,0.3692,0.0757,76,99,IRAK4_Q8K194_x1_model_5_multimer_v3_p1_230419_016466,1,2
IRAK4_Q8K1E0_x1,model_1,1.51,61.99,0.2094,0.1923,0.0223,59,50,IRAK4_Q8K1E0_x1_model_1_multimer_v3_p1_230419_808029,1,2
IRAK4_Q8K1E0_x1,model_2,1.07,64.68,0.4536,0.4386,0.3068,80,104,IRAK4_Q8K1E0_x1_model_2_multimer_v3_p1_230419_335100,1,2
IRAK4_Q8K1E0_x1,model_3,1.98,63.15,0.225,0.2848,0.0518,74,75,IRAK4_Q8K1E0_x1_model_3_multimer_v3_p1_230419_587127,1,2
IRAK4_Q8K1E0_x1,model_4,2.79,62.56,0.2403,0.3369,0.0504,83,92,IRAK4_Q8K1E0_x1_model_4_multimer_v3_p1_230419_526759,1,2
IRAK4_Q8K1E0_x1,model_5,2.28,63.41,0.1982,0.2712,0.0103,36,37,IRAK4_Q8K1E0_x1_model_5_multimer_v3_p1_230420_280305,1,2
IRAK4_Q8K1R7_x1,model_1,1.95,66.78,0.3127,0.3313,0.0699,100,147,IRAK4_Q8K1R7_x1_model_1_multimer_v3_p1_230419_182179,1,2
IRAK4_Q8K1R7_x1,model_2,4.65,66.81,0.2354,0.4355,0.041,118,182,IRAK4_Q8K1R7_x1_model_2_multimer_v3_p1_230419_938207,1,2
IRAK4_Q8K1R7_x1,model_3,3.54,66.76,0.2962,0.3721,0.0367,73,86,IRAK4_Q8K1R7_x1_model_3_multimer_v3_p1_230419_615796,1,2
IRAK4_Q8K1R7_x1,model_4,4.21,65.1,0.2929,0.3995,0.0682,111,175,IRAK4_Q8K1R7_x1_model_4_multimer_v3_p1_230419_760997,1,2
IRAK4_Q8K1R7_x1,model_5,2.43,67.03,0.3077,0.4178,0.0527,101,141,IRAK4_Q8K1R7_x1_model_5_multimer_v3_p1_230419_384534,1,2
IRAK4_Q8R105_x1,model_1,3.63,60.08,0.1925,0.0014,0,2,1,IRAK4_Q8R105_x1_model_1_multimer_v3_p1_230406_692294,2,2
IRAK4_Q8R105_x1,model_2,3.82,59.9,0.1812,0.0076,0,6,4,IRAK4_Q8R105_x1_model_2_multimer_v3_p1_230406_710485,2,2
IRAK4_Q8R105_x1,model_3,3.45,62.37,0.1948,0.2672,0.0078,29,38,IRAK4_Q8R105_x1_model_3_multimer_v3_p1_230406_336692,1,2
IRAK4_Q8R105_x1,model_4,8.02,61,0.1906,0,0,0,0,IRAK4_Q8R105_x1_model_4_multimer_v3_p1_230406_310522,2,2
IRAK4_Q8R105_x1,model_5,2.78,62.09,0.1967,0.3153,0.0145,50,68,IRAK4_Q8R105_x1_model_5_multimer_v3_p1_230407_411480,1,2
IRAK4_Q8R105_x1,model_1,3.17,58.42,0.2431,0.3271,0.0586,52,61,IRAK4_Q8R105_x1_model_1_multimer_v3_p1_230419_145249,1,2
IRAK4_Q8R105_x1,model_2,3.59,60.1,0.1908,0.258,0.0075,31,41,IRAK4_Q8R105_x1_model_2_multimer_v3_p1_230419_676076,1,2
IRAK4_Q8R105_x1,model_3,13.71,59.28,0.1893,0.169,0.0119,49,61,IRAK4_Q8R105_x1_model_3_multimer_v3_p1_230419_125332,1,2
IRAK4_Q8R105_x1,model_4,4.15,58.87,0.2004,0.1404,0.0041,25,20,IRAK4_Q8R105_x1_model_4_multimer_v3_p1_230419_012377,1,2
IRAK4_Q8R105_x1,model_5,4.08,60.98,0.1894,0.1143,0.0075,42,50,IRAK4_Q8R105_x1_model_5_multimer_v3_p1_230420_491057,1,2
IRAK4_Q8R2M0_x1,model_1,1.55,74,0.2643,0.4068,0.0708,76,107,IRAK4_Q8R2M0_x1_model_1_multimer_v3_p1_230406_732251,1,2
IRAK4_Q8R2M0_x1,model_2,0.69,76.28,0.2868,0.417,0.0731,63,66,IRAK4_Q8R2M0_x1_model_2_multimer_v3_p1_230406_830899,1,2
IRAK4_Q8R2M0_x1,model_3,0.61,75.56,0.2765,0.3763,0.0682,73,93,IRAK4_Q8R2M0_x1_model_3_multimer_v3_p1_230406_738134,1,2
IRAK4_Q8R2M0_x1,model_4,4.21,72.25,0.2551,0.3491,0.0521,81,112,IRAK4_Q8R2M0_x1_model_4_multimer_v3_p1_230406_199065,1,2
IRAK4_Q8R2M0_x1,model_5,2.81,74.52,0.286,0.4238,0.0853,83,111,IRAK4_Q8R2M0_x1_model_5_multimer_v3_p1_230406_741226,1,2
IRAK4_Q8R2M0_x1,model_1,1.26,74.52,0.2602,0.3516,0.0624,72,95,IRAK4_Q8R2M0_x1_model_1_multimer_v3_p1_230419_044122,1,2
IRAK4_Q8R2M0_x1,model_2,2.6,76.8,0.3346,0.4064,0.1028,67,69,IRAK4_Q8R2M0_x1_model_2_multimer_v3_p1_230419_984010,1,2
IRAK4_Q8R2M0_x1,model_3,1.33,76.26,0.3256,0.4112,0.0942,72,90,IRAK4_Q8R2M0_x1_model_3_multimer_v3_p1_230419_949656,1,2
IRAK4_Q8R2M0_x1,model_4,4.16,73.87,0.2331,0.3917,0.0488,73,77,IRAK4_Q8R2M0_x1_model_4_multimer_v3_p1_230420_703439,1,2
IRAK4_Q8R2M0_x1,model_5,2.3,75.92,0.3298,0.3809,0.0914,70,83,IRAK4_Q8R2M0_x1_model_5_multimer_v3_p1_230420_937560,1,2
IRAK4_Q8R2N0_x1,model_1,1.18,62.11,0.2845,0.4756,0.1353,96,111,IRAK4_Q8R2N0_x1_model_1_multimer_v3_p1_230406_424870,1,2
IRAK4_Q8R2N0_x1,model_2,1.25,63.37,0.2277,0.4476,0.0615,67,71,IRAK4_Q8R2N0_x1_model_2_multimer_v3_p1_230406_846161,1,2
IRAK4_Q8R2N0_x1,model_3,2.21,62.53,0.2358,0.4385,0.0598,75,96,IRAK4_Q8R2N0_x1_model_3_multimer_v3_p1_230406_171879,1,2
IRAK4_Q8R2N0_x1,model_4,2.87,61.84,0.2497,0.4457,0.0863,107,145,IRAK4_Q8R2N0_x1_model_4_multimer_v3_p1_230406_136747,1,2
IRAK4_Q8R2N0_x1,model_5,3.87,61.23,0.2148,0.4168,0.0395,51,61,IRAK4_Q8R2N0_x1_model_5_multimer_v3_p1_230407_435533,1,2
IRAK4_Q8R2N0_x1,model_1,1.53,62.4,0.2853,0.482,0.137,91,101,IRAK4_Q8R2N0_x1_model_1_multimer_v3_p1_230419_126171,1,2
IRAK4_Q8R2N0_x1,model_2,1.61,63.66,0.2673,0.4906,0.0991,61,63,IRAK4_Q8R2N0_x1_model_2_multimer_v3_p1_230419_111091,1,2
IRAK4_Q8R2N0_x1,model_3,1.44,62.52,0.227,0.4166,0.0483,62,79,IRAK4_Q8R2N0_x1_model_3_multimer_v3_p1_230419_353372,1,2
IRAK4_Q8R2N0_x1,model_4,2.71,61.81,0.2467,0.4538,0.0763,95,110,IRAK4_Q8R2N0_x1_model_4_multimer_v3_p1_230419_014560,1,2
IRAK4_Q8R2N0_x1,model_5,3.44,61.48,0.2042,0.3669,0.0253,46,47,IRAK4_Q8R2N0_x1_model_5_multimer_v3_p1_230419_462875,1,2
IRAK4_Q8VEH6_x1,model_1,1.86,67.65,0.2575,0.2396,0.052,81,88,IRAK4_Q8VEH6_x1_model_1_multimer_v3_p1_230419_525225,1,2
IRAK4_Q8VEH6_x1,model_2,1.24,68.76,0.2352,0.2221,0.0398,76,95,IRAK4_Q8VEH6_x1_model_2_multimer_v3_p1_230419_324250,1,2
IRAK4_Q8VEH6_x1,model_3,6.46,69.41,0.2141,0.3078,0.0507,114,230,IRAK4_Q8VEH6_x1_model_3_multimer_v3_p1_230419_398224,1,2
IRAK4_Q8VEH6_x1,model_4,5.31,68.17,0.2292,0.2617,0.0504,111,232,IRAK4_Q8VEH6_x1_model_4_multimer_v3_p1_230419_226655,1,2
IRAK4_Q8VEH6_x1,model_5,4.5,69.02,0.2293,0.2152,0.0331,69,81,IRAK4_Q8VEH6_x1_model_5_multimer_v3_p1_230419_233620,1,2
IRAK4_Q91V64_x1,model_1,2.64,72.98,0.2388,0.3385,0.0474,102,137,IRAK4_Q91V64_x1_model_1_multimer_v3_p1_230419_931264,1,2
IRAK4_Q91V64_x1,model_2,3.68,77.23,0.235,0.3562,0.0184,48,71,IRAK4_Q91V64_x1_model_2_multimer_v3_p1_230419_430582,1,2
IRAK4_Q91V64_x1,model_3,0.51,77.96,0.2149,0.3285,0.0174,44,51,IRAK4_Q91V64_x1_model_3_multimer_v3_p1_230419_458484,1,2
IRAK4_Q91V64_x1,model_4,3.15,76.69,0.2221,0.4232,0.0206,57,78,IRAK4_Q91V64_x1_model_4_multimer_v3_p1_230419_256592,1,2
IRAK4_Q91V64_x1,model_5,2.37,76.09,0.2082,0.0227,1e-04,11,9,IRAK4_Q91V64_x1_model_5_multimer_v3_p1_230420_905333,2,2
IRAK4_Q91VH6_x1,model_1,1.79,80.43,0.2432,0.3918,0.0445,73,93,IRAK4_Q91VH6_x1_model_1_multimer_v3_p1_230419_331078,1,2
IRAK4_Q91VH6_x1,model_2,1.04,81.22,0.2321,0.3852,0.0335,63,81,IRAK4_Q91VH6_x1_model_2_multimer_v3_p1_230419_499984,1,2
IRAK4_Q91VH6_x1,model_3,3.02,80.69,0.2581,0.4054,0.049,79,101,IRAK4_Q91VH6_x1_model_3_multimer_v3_p1_230419_596071,1,2
IRAK4_Q91VH6_x1,model_4,0.92,80.59,0.2475,0.418,0.0427,68,88,IRAK4_Q91VH6_x1_model_4_multimer_v3_p1_230419_562752,1,2
IRAK4_Q91VH6_x1,model_5,2.4,80.06,0.2526,0.4029,0.0414,69,77,IRAK4_Q91VH6_x1_model_5_multimer_v3_p1_230419_879839,1,2
IRAK4_Q91W36_x1,model_1,2.69,68.55,0.2424,0.2859,0.0413,82,108,IRAK4_Q91W36_x1_model_1_multimer_v3_p1_230419_688393,1,2
IRAK4_Q91W36_x1,model_2,4.34,71.79,0.2349,0.2655,0.0435,104,157,IRAK4_Q91W36_x1_model_2_multimer_v3_p1_230419_132874,1,2
IRAK4_Q91W36_x1,model_3,1.32,70.88,0.2198,0.2463,0.0338,97,133,IRAK4_Q91W36_x1_model_3_multimer_v3_p1_230419_330535,1,2
IRAK4_Q91W36_x1,model_4,1.58,69.48,0.2405,0.3758,0.0508,81,82,IRAK4_Q91W36_x1_model_4_multimer_v3_p1_230419_672699,1,2
IRAK4_Q91W36_x1,model_5,1.77,70.51,0.2322,0.3975,0.0549,111,155,IRAK4_Q91W36_x1_model_5_multimer_v3_p1_230419_821519,1,2
IRAK4_Q921I2_x1,model_1,1.58,71.71,0.2514,0.3871,0.0817,128,165,IRAK4_Q921I2_x1_model_1_multimer_v3_p1_230419_171973,1,2
IRAK4_Q921I2_x1,model_2,1.32,72.86,0.2291,0.3337,0.0485,145,217,IRAK4_Q921I2_x1_model_2_multimer_v3_p1_230419_364457,1,2
IRAK4_Q921I2_x1,model_3,2.15,71.9,0.3232,0.3431,0.1196,139,178,IRAK4_Q921I2_x1_model_3_multimer_v3_p1_230419_617804,1,2
IRAK4_Q921I2_x1,model_4,6.06,70.45,0.2328,0.3355,0.0268,69,131,IRAK4_Q921I2_x1_model_4_multimer_v3_p1_230420_323210,1,2
IRAK4_Q921I2_x1,model_5,2.9,71.34,0.2209,0.3012,0.0381,120,144,IRAK4_Q921I2_x1_model_5_multimer_v3_p1_230420_641969,1,2
IRAK4_Q921N8_x1,model_1,4.18,57.95,0.2728,0.4472,0.1097,59,61,IRAK4_Q921N8_x1_model_1_multimer_v3_p1_230406_992726,1,2
IRAK4_Q921N8_x1,model_2,4.48,59.73,0.2301,0.326,0.0875,106,138,IRAK4_Q921N8_x1_model_2_multimer_v3_p1_230406_634553,1,2
IRAK4_Q921N8_x1,model_3,4.51,59.41,0.2396,0.4569,0.0834,66,77,IRAK4_Q921N8_x1_model_3_multimer_v3_p1_230406_018715,1,2
IRAK4_Q921N8_x1,model_4,7.83,56.31,0.2491,0.211,0.041,58,53,IRAK4_Q921N8_x1_model_4_multimer_v3_p1_230406_100215,1,2
IRAK4_Q921N8_x1,model_5,4.94,58.38,0.2214,0.4209,0.0714,92,112,IRAK4_Q921N8_x1_model_5_multimer_v3_p1_230407_936691,1,2
IRAK4_Q921N8_x1,model_1,3.27,57.84,0.2641,0.4402,0.1094,79,98,IRAK4_Q921N8_x1_model_1_multimer_v3_p1_230419_495423,1,2
IRAK4_Q921N8_x1,model_2,7.7,59.57,0.2227,0.3109,0.064,82,106,IRAK4_Q921N8_x1_model_2_multimer_v3_p1_230419_910008,1,2
IRAK4_Q921N8_x1,model_3,4.51,59.13,0.2485,0.493,0.0848,72,86,IRAK4_Q921N8_x1_model_3_multimer_v3_p1_230419_393443,1,2
IRAK4_Q921N8_x1,model_4,6.11,57.29,0.2543,0.272,0.0344,38,32,IRAK4_Q921N8_x1_model_4_multimer_v3_p1_230420_977217,1,2
IRAK4_Q921N8_x1,model_5,2.71,58.07,0.228,0.3745,0.0626,73,93,IRAK4_Q921N8_x1_model_5_multimer_v3_p1_230420_593240,1,2
IRAK4_Q922B1_x1,model_1,1.81,71.7,0.2527,0.3156,0.0342,49,45,IRAK4_Q922B1_x1_model_1_multimer_v3_p1_230419_908543,1,2
IRAK4_Q922B1_x1,model_2,1.14,75.52,0.4787,0.49,0.3276,70,86,IRAK4_Q922B1_x1_model_2_multimer_v3_p1_230419_868477,1,2
IRAK4_Q922B1_x1,model_3,1.93,71.29,0.2667,0.4336,0.0802,97,119,IRAK4_Q922B1_x1_model_3_multimer_v3_p1_230420_934698,1,2
IRAK4_Q922B1_x1,model_4,1.53,71.61,0.2761,0.3924,0.0752,76,87,IRAK4_Q922B1_x1_model_4_multimer_v3_p1_230420_121449,1,2
IRAK4_Q922B1_x1,model_5,6.22,70.9,0.259,0.4521,0.0813,101,152,IRAK4_Q922B1_x1_model_5_multimer_v3_p1_230420_452496,1,2
IRAK4_Q922G2_x1,model_1,1.54,64.12,0.2261,0.3432,0.0463,70,102,IRAK4_Q922G2_x1_model_1_multimer_v3_p1_230406_842050,1,2
IRAK4_Q922G2_x1,model_2,0.95,72.17,0.5098,0.3157,0.2677,52,54,IRAK4_Q922G2_x1_model_2_multimer_v3_p1_230407_766840,1,2
IRAK4_Q922G2_x1,model_3,0.86,70.08,0.4569,0.343,0.2414,51,52,IRAK4_Q922G2_x1_model_3_multimer_v3_p1_230407_674082,1,2
IRAK4_Q922G2_x1,model_4,1.34,66.99,0.4035,0.4494,0.2605,85,101,IRAK4_Q922G2_x1_model_4_multimer_v3_p1_230407_558634,1,2
IRAK4_Q922G2_x1,model_5,1.52,68.93,0.4227,0.4309,0.2519,85,90,IRAK4_Q922G2_x1_model_5_multimer_v3_p1_230407_779420,1,2
IRAK4_Q922G2_x1,model_1,1.14,65.55,0.2418,0.3109,0.0699,81,97,IRAK4_Q922G2_x1_model_1_multimer_v3_p1_230419_493015,1,2
IRAK4_Q922G2_x1,model_2,0.87,72.19,0.5039,0.3181,0.2676,52,60,IRAK4_Q922G2_x1_model_2_multimer_v3_p1_230420_384451,1,2
IRAK4_Q922G2_x1,model_3,12.29,65.41,0.2082,0.3117,0.0403,107,179,IRAK4_Q922G2_x1_model_3_multimer_v3_p1_230420_107911,1,2
IRAK4_Q922G2_x1,model_4,3.08,69.6,0.4014,0.3045,0.1652,51,56,IRAK4_Q922G2_x1_model_4_multimer_v3_p1_230420_455866,1,2
IRAK4_Q922G2_x1,model_5,11.07,66.12,0.2093,0.2611,0.0258,59,66,IRAK4_Q922G2_x1_model_5_multimer_v3_p1_230420_974384,1,2
IRAK4_Q99J93_x1,model_1,0.65,74.33,0.3681,0.411,0.2257,77,134,IRAK4_Q99J93_x1_model_1_multimer_v3_p1_230406_613267,1,2
IRAK4_Q99J93_x1,model_2,0.78,74.96,0.3236,0.3847,0.1552,56,80,IRAK4_Q99J93_x1_model_2_multimer_v3_p1_230406_700801,1,2
IRAK4_Q99J93_x1,model_3,1.67,72.78,0.3206,0.2799,0.1345,63,91,IRAK4_Q99J93_x1_model_3_multimer_v3_p1_230406_802376,1,2
IRAK4_Q99J93_x1,model_4,1.77,72.78,0.3386,0.346,0.1634,62,72,IRAK4_Q99J93_x1_model_4_multimer_v3_p1_230406_499806,1,2
IRAK4_Q99J93_x1,model_5,1.69,71.78,0.2914,0.3478,0.1393,64,92,IRAK4_Q99J93_x1_model_5_multimer_v3_p1_230406_648748,1,2
IRAK4_Q99J93_x1,model_1,0.58,74.05,0.2687,0.3899,0.1012,68,113,IRAK4_Q99J93_x1_model_1_multimer_v3_p1_230419_431199,1,2
IRAK4_Q99J93_x1,model_2,0.34,74.85,0.321,0.3508,0.1494,57,95,IRAK4_Q99J93_x1_model_2_multimer_v3_p1_230419_395646,1,2
IRAK4_Q99J93_x1,model_3,1.09,72.59,0.3063,0.3086,0.1278,73,108,IRAK4_Q99J93_x1_model_3_multimer_v3_p1_230419_017429,1,2
IRAK4_Q99J93_x1,model_4,1.64,69.64,0.3298,0.4446,0.1712,76,96,IRAK4_Q99J93_x1_model_4_multimer_v3_p1_230419_957938,1,2
IRAK4_Q99J93_x1,model_5,1.56,70.81,0.3071,0.339,0.1278,56,81,IRAK4_Q99J93_x1_model_5_multimer_v3_p1_230419_646664,1,2
IRAK4_Q99J99_x1,model_1,1.44,80.45,0.2263,0.3527,0.0259,60,83,IRAK4_Q99J99_x1_model_1_multimer_v3_p1_230419_244560,1,2
IRAK4_Q99J99_x1,model_2,0.86,81.38,0.2439,0.3774,0.0366,77,121,IRAK4_Q99J99_x1_model_2_multimer_v3_p1_230420_237573,1,2
IRAK4_Q99J99_x1,model_3,1.67,80.29,0.2075,0.3001,0.0216,65,73,IRAK4_Q99J99_x1_model_3_multimer_v3_p1_230420_115262,1,2
IRAK4_Q99J99_x1,model_4,1.89,79.66,0.2406,0.36,0.0228,57,60,IRAK4_Q99J99_x1_model_4_multimer_v3_p1_230420_401672,1,2
IRAK4_Q99J99_x1,model_5,2.44,80.04,0.2109,0.3507,0.0226,56,68,IRAK4_Q99J99_x1_model_5_multimer_v3_p1_230420_290018,1,2
IRAK4_Q99LC2_x1,model_1,1.46,77.38,0.2732,0.3724,0.0442,61,59,IRAK4_Q99LC2_x1_model_1_multimer_v3_p1_230419_977333,1,2
IRAK4_Q99LC2_x1,model_2,1.36,77.62,0.2442,0.4043,0.0381,76,93,IRAK4_Q99LC2_x1_model_2_multimer_v3_p1_230419_454594,1,2
IRAK4_Q99LC2_x1,model_3,2.31,77.77,0.2539,0.4218,0.0363,63,75,IRAK4_Q99LC2_x1_model_3_multimer_v3_p1_230419_863134,1,2
IRAK4_Q99LC2_x1,model_4,4.63,76.8,0.306,0.4225,0.0762,73,69,IRAK4_Q99LC2_x1_model_4_multimer_v3_p1_230419_190615,1,2
IRAK4_Q99LC2_x1,model_5,3.39,77.47,0.2487,0.4114,0.0381,59,61,IRAK4_Q99LC2_x1_model_5_multimer_v3_p1_230419_399039,1,2
IRAK4_Q9CPW7_x1,model_1,1.63,64.87,0.2585,0.4044,0.0883,91,127,IRAK4_Q9CPW7_x1_model_1_multimer_v3_p1_230407_861273,1,2
IRAK4_Q9CPW7_x1,model_2,1.42,67.54,0.2488,0.3818,0.0432,57,63,IRAK4_Q9CPW7_x1_model_2_multimer_v3_p1_230407_473914,1,2
IRAK4_Q9CPW7_x1,model_3,4.14,66.29,0.2381,0.3165,0.0451,51,62,IRAK4_Q9CPW7_x1_model_3_multimer_v3_p1_230407_885302,1,2
IRAK4_Q9CPW7_x1,model_4,4.29,63.48,0.2552,0.3783,0.089,65,82,IRAK4_Q9CPW7_x1_model_4_multimer_v3_p1_230407_912012,1,2
IRAK4_Q9CPW7_x1,model_5,2.61,67.6,0.2251,0.325,0.0222,35,32,IRAK4_Q9CPW7_x1_model_5_multimer_v3_p1_230407_407307,1,2
IRAK4_Q9CPW7_x1,model_1,1.38,64.92,0.2602,0.3467,0.084,77,105,IRAK4_Q9CPW7_x1_model_1_multimer_v3_p1_230419_503913,1,2
IRAK4_Q9CPW7_x1,model_2,1.5,70.68,0.2409,0.2879,0.019,29,33,IRAK4_Q9CPW7_x1_model_2_multimer_v3_p1_230419_696107,1,2
IRAK4_Q9CPW7_x1,model_3,2.16,67.2,0.2237,0.2686,0.0175,35,38,IRAK4_Q9CPW7_x1_model_3_multimer_v3_p1_230419_031127,1,2
IRAK4_Q9CPW7_x1,model_4,1.65,67.01,0.2432,0.35,0.0383,50,70,IRAK4_Q9CPW7_x1_model_4_multimer_v3_p1_230419_971423,1,2
IRAK4_Q9CPW7_x1,model_5,2.67,67.67,0.2306,0.3177,0.0188,34,43,IRAK4_Q9CPW7_x1_model_5_multimer_v3_p1_230419_060197,1,2
IRAK4_Q9CR80_x1,model_1,0.8,69.21,0.3722,0.4305,0.1249,108,143,IRAK4_Q9CR80_x1_model_1_multimer_v3_p1_230406_908493,1,2
IRAK4_Q9CR80_x1,model_2,1.34,69.91,0.2993,0.3895,0.0956,75,79,IRAK4_Q9CR80_x1_model_2_multimer_v3_p1_230406_383008,1,2
IRAK4_Q9CR80_x1,model_3,3.07,68.88,0.3035,0.3108,0.0921,82,106,IRAK4_Q9CR80_x1_model_3_multimer_v3_p1_230406_188689,1,2
IRAK4_Q9CR80_x1,model_4,7.44,69.23,0.317,0.3957,0.0766,63,75,IRAK4_Q9CR80_x1_model_4_multimer_v3_p1_230406_130837,1,2
IRAK4_Q9CR80_x1,model_5,1.79,67.81,0.3142,0.3843,0.0765,80,86,IRAK4_Q9CR80_x1_model_5_multimer_v3_p1_230407_195092,1,2
IRAK4_Q9CR80_x1,model_1,1.66,69.4,0.3424,0.5151,0.1285,92,129,IRAK4_Q9CR80_x1_model_1_multimer_v3_p1_230419_925398,1,2
IRAK4_Q9CR80_x1,model_2,1.55,69.62,0.3103,0.379,0.0991,73,94,IRAK4_Q9CR80_x1_model_2_multimer_v3_p1_230419_738899,1,2
IRAK4_Q9CR80_x1,model_3,6.18,68.41,0.3066,0.415,0.0777,76,85,IRAK4_Q9CR80_x1_model_3_multimer_v3_p1_230419_241121,1,2
IRAK4_Q9CR80_x1,model_4,1.71,68.78,0.3311,0.4211,0.0946,76,87,IRAK4_Q9CR80_x1_model_4_multimer_v3_p1_230419_110448,1,2
IRAK4_Q9CR80_x1,model_5,1.58,67.51,0.311,0.4366,0.0957,88,122,IRAK4_Q9CR80_x1_model_5_multimer_v3_p1_230419_408708,1,2
IRAK4_Q9CS00_x1,model_1,3.85,59.01,0.2285,0.4396,0.0483,61,77,IRAK4_Q9CS00_x1_model_1_multimer_v3_p1_230406_552885,1,2
IRAK4_Q9CS00_x1,model_2,4.06,59.42,0.1998,0.3925,0.0293,81,114,IRAK4_Q9CS00_x1_model_2_multimer_v3_p1_230406_999027,1,2
IRAK4_Q9CS00_x1,model_3,1.57,60.41,0.236,0.3633,0.031,42,32,IRAK4_Q9CS00_x1_model_3_multimer_v3_p1_230407_107748,1,2
IRAK4_Q9CS00_x1,model_4,3.61,56.57,0.2074,0.2862,0.034,84,82,IRAK4_Q9CS00_x1_model_4_multimer_v3_p1_230407_688295,1,2
IRAK4_Q9CS00_x1,model_5,4.26,59.94,0.1933,0.2795,0.021,71,99,IRAK4_Q9CS00_x1_model_5_multimer_v3_p1_230407_281634,1,2
IRAK4_Q9CS00_x1,model_1,6.58,57.92,0.2265,0.3704,0.0594,99,151,IRAK4_Q9CS00_x1_model_1_multimer_v3_p1_230419_125542,1,2
IRAK4_Q9CS00_x1,model_2,3.43,59.18,0.2132,0.3426,0.0408,77,106,IRAK4_Q9CS00_x1_model_2_multimer_v3_p1_230419_579619,1,2
IRAK4_Q9CS00_x1,model_3,4.19,59.2,0.2418,0.4406,0.056,63,70,IRAK4_Q9CS00_x1_model_3_multimer_v3_p1_230419_867947,1,2
IRAK4_Q9CS00_x1,model_4,8.72,57.02,0.2057,0.3613,0.0319,89,120,IRAK4_Q9CS00_x1_model_4_multimer_v3_p1_230419_048529,1,2
IRAK4_Q9CS00_x1,model_5,5.19,60.44,0.215,0.2585,0.013,38,39,IRAK4_Q9CS00_x1_model_5_multimer_v3_p1_230420_254922,1,2
IRAK4_Q9CS42_x1,model_1,1.47,80.34,0.2815,0.3673,0.0542,68,83,IRAK4_Q9CS42_x1_model_1_multimer_v3_p1_230419_574972,1,2
IRAK4_Q9CS42_x1,model_2,0.71,81.46,0.3419,0.3085,0.0774,48,45,IRAK4_Q9CS42_x1_model_2_multimer_v3_p1_230419_342924,1,2
IRAK4_Q9CS42_x1,model_3,3.51,81.63,0.2233,0.3115,0.0115,31,38,IRAK4_Q9CS42_x1_model_3_multimer_v3_p1_230419_147865,1,2
IRAK4_Q9CS42_x1,model_4,1.33,78.96,0.223,0.3557,0.0251,79,124,IRAK4_Q9CS42_x1_model_4_multimer_v3_p1_230420_730504,1,2
IRAK4_Q9CS42_x1,model_5,1.49,81.12,0.2382,0.2483,0.0265,34,37,IRAK4_Q9CS42_x1_model_5_multimer_v3_p1_230420_737523,1,2
IRAK4_Q9CXU9_x1,model_1,1.63,72.61,0.2984,0.4406,0.0476,52,77,IRAK4_Q9CXU9_x1_model_1_multimer_v3_p1_230406_735940,1,2
IRAK4_Q9CXU9_x1,model_2,1.5,73.04,0.3106,0.3289,0.0604,85,113,IRAK4_Q9CXU9_x1_model_2_multimer_v3_p1_230406_419320,1,2
IRAK4_Q9CXU9_x1,model_3,1.3,72.86,0.299,0.3007,0.0412,58,66,IRAK4_Q9CXU9_x1_model_3_multimer_v3_p1_230407_514227,1,2
IRAK4_Q9CXU9_x1,model_4,1.98,78.21,0.7025,0.5476,0.4401,45,45,IRAK4_Q9CXU9_x1_model_4_multimer_v3_p1_230407_126384,1,2
IRAK4_Q9CXU9_x1,model_5,1.7,78.3,0.7089,0.5408,0.421,48,45,IRAK4_Q9CXU9_x1_model_5_multimer_v3_p1_230407_927620,1,2
IRAK4_Q9CXU9_x1,model_1,1.17,72.59,0.3058,0.4421,0.0521,57,64,IRAK4_Q9CXU9_x1_model_1_multimer_v3_p1_230419_539688,1,2
IRAK4_Q9CXU9_x1,model_2,1.38,73.48,0.3062,0.3416,0.0419,63,73,IRAK4_Q9CXU9_x1_model_2_multimer_v3_p1_230419_000478,1,2
IRAK4_Q9CXU9_x1,model_3,3.66,72.78,0.3123,0.3487,0.0403,51,59,IRAK4_Q9CXU9_x1_model_3_multimer_v3_p1_230419_849816,1,2
IRAK4_Q9CXU9_x1,model_4,0.97,78.14,0.7222,0.5431,0.4283,49,49,IRAK4_Q9CXU9_x1_model_4_multimer_v3_p1_230419_174980,1,2
IRAK4_Q9CXU9_x1,model_5,1.37,74.09,0.361,0.3375,0.0862,54,57,IRAK4_Q9CXU9_x1_model_5_multimer_v3_p1_230419_575827,1,2
IRAK4_Q9CY21_x1,model_4,2.67,72.66,0.2549,0.3231,0.0504,124,210,IRAK4_Q9CY21_x1_model_4_multimer_v3_p1_230406_483517,1,2
IRAK4_Q9CY21_x1,model_5,1.41,73.61,0.2364,0.3145,0.0312,84,129,IRAK4_Q9CY21_x1_model_5_multimer_v3_p1_230406_963543,1,2
IRAK4_Q9CY21_x1,model_1,1.85,74.06,0.2871,0.3354,0.0765,118,156,IRAK4_Q9CY21_x1_model_1_multimer_v3_p1_230407_450570,1,2
IRAK4_Q9CY21_x1,model_2,1.88,74.68,0.2645,0.3468,0.0546,103,136,IRAK4_Q9CY21_x1_model_2_multimer_v3_p1_230407_944510,1,2
IRAK4_Q9CY21_x1,model_3,1.4,73.79,0.2572,0.3156,0.0561,122,169,IRAK4_Q9CY21_x1_model_3_multimer_v3_p1_230407_272314,1,2
IRAK4_Q9CY21_x1,model_1,1.51,73.46,0.2547,0.3898,0.0599,128,205,IRAK4_Q9CY21_x1_model_1_multimer_v3_p1_230419_179017,1,2
IRAK4_Q9CY21_x1,model_2,2.14,74.02,0.2588,0.3111,0.0604,131,199,IRAK4_Q9CY21_x1_model_2_multimer_v3_p1_230419_838173,1,2
IRAK4_Q9CY21_x1,model_3,6.24,73.51,0.2245,0.3032,0.0276,79,110,IRAK4_Q9CY21_x1_model_3_multimer_v3_p1_230419_493727,1,2
IRAK4_Q9CY21_x1,model_4,0.55,72.9,0.2593,0.3749,0.0512,119,201,IRAK4_Q9CY21_x1_model_4_multimer_v3_p1_230419_542937,1,2
IRAK4_Q9CY21_x1,model_5,2.08,72.85,0.2348,0.3526,0.0388,108,194,IRAK4_Q9CY21_x1_model_5_multimer_v3_p1_230419_061003,1,2
IRAK4_Q9D115_x1,model_1,0.61,73.1,0.3978,0.382,0.1753,81,98,IRAK4_Q9D115_x1_model_1_multimer_v3_p1_230406_249683,1,2
IRAK4_Q9D115_x1,model_2,0.44,73.96,0.3819,0.416,0.1182,65,73,IRAK4_Q9D115_x1_model_2_multimer_v3_p1_230406_643499,1,2
IRAK4_Q9D115_x1,model_3,0.89,72.67,0.3707,0.3802,0.0949,67,76,IRAK4_Q9D115_x1_model_3_multimer_v3_p1_230406_260138,1,2
IRAK4_Q9D115_x1,model_4,1.09,72.62,0.3459,0.3664,0.0549,51,59,IRAK4_Q9D115_x1_model_4_multimer_v3_p1_230406_369517,1,2
IRAK4_Q9D115_x1,model_5,1.25,71.41,0.3519,0.3235,0.0823,73,89,IRAK4_Q9D115_x1_model_5_multimer_v3_p1_230407_787443,1,2
IRAK4_Q9D115_x1,model_1,1.77,72.79,0.3462,0.4013,0.0837,65,79,IRAK4_Q9D115_x1_model_1_multimer_v3_p1_230419_037672,1,2
IRAK4_Q9D115_x1,model_2,0.8,73.84,0.3629,0.4379,0.1015,69,85,IRAK4_Q9D115_x1_model_2_multimer_v3_p1_230419_337646,1,2
IRAK4_Q9D115_x1,model_3,0.93,72.49,0.3633,0.3329,0.0734,51,59,IRAK4_Q9D115_x1_model_3_multimer_v3_p1_230419_757286,1,2
IRAK4_Q9D115_x1,model_4,0.97,72.38,0.3458,0.3326,0.0666,66,79,IRAK4_Q9D115_x1_model_4_multimer_v3_p1_230420_991816,1,2
IRAK4_Q9D115_x1,model_5,1.8,71.65,0.3503,0.3855,0.0684,63,83,IRAK4_Q9D115_x1_model_5_multimer_v3_p1_230420_151827,1,2
IRAK4_Q9D384_x1,model_1,3.86,69.7,0.2179,0.2561,0.0242,49,50,IRAK4_Q9D384_x1_model_1_multimer_v3_p1_230419_614252,1,2
IRAK4_Q9D384_x1,model_2,1.53,71.11,0.2125,0.3113,0.0292,57,91,IRAK4_Q9D384_x1_model_2_multimer_v3_p1_230419_108314,1,2
IRAK4_Q9D384_x1,model_3,3.99,71.15,0.2229,0.4046,0.0252,69,102,IRAK4_Q9D384_x1_model_3_multimer_v3_p1_230420_384176,1,2
IRAK4_Q9D384_x1,model_4,3.02,68.98,0.2507,0.3824,0.0617,153,235,IRAK4_Q9D384_x1_model_4_multimer_v3_p1_230420_433981,1,2
IRAK4_Q9D384_x1,model_5,5.14,69.91,0.2107,0.2794,0.02,65,71,IRAK4_Q9D384_x1_model_5_multimer_v3_p1_230420_009781,1,2
IRAK4_Q9D5V5_x1,model_1,0.89,78.13,0.3163,0.3627,0.1007,83,108,IRAK4_Q9D5V5_x1_model_1_multimer_v3_p1_230419_221089,1,2
IRAK4_Q9D5V5_x1,model_2,2.11,77.73,0.2211,0.2115,0.0128,56,65,IRAK4_Q9D5V5_x1_model_2_multimer_v3_p1_230419_023288,1,2
IRAK4_Q9D5V5_x1,model_3,7.26,77.51,0.3138,0.345,0.0668,63,73,IRAK4_Q9D5V5_x1_model_3_multimer_v3_p1_230419_370195,1,2
IRAK4_Q9D5V5_x1,model_4,3.4,75.82,0.2686,0.3302,0.0358,59,64,IRAK4_Q9D5V5_x1_model_4_multimer_v3_p1_230420_415992,1,2
IRAK4_Q9D5V5_x1,model_5,4.5,78.59,0.3253,0.3512,0.0814,72,90,IRAK4_Q9D5V5_x1_model_5_multimer_v3_p1_230420_096800,1,2
IRAK4_Q9D8N6_x1,model_1,1.55,63.91,0.2459,0.4214,0.05,62,71,IRAK4_Q9D8N6_x1_model_1_multimer_v3_p1_230406_077086,1,2
IRAK4_Q9D8N6_x1,model_2,1.74,66.13,0.2162,0.3809,0.0305,48,45,IRAK4_Q9D8N6_x1_model_2_multimer_v3_p1_230406_766818,1,2
IRAK4_Q9D8N6_x1,model_5,1.9,64.06,0.218,0.2993,0.0348,50,59,IRAK4_Q9D8N6_x1_model_5_multimer_v3_p1_230406_744383,1,2
IRAK4_Q9D8N6_x1,model_3,1.4,65.37,0.2143,0.3103,0.0315,49,50,IRAK4_Q9D8N6_x1_model_3_multimer_v3_p1_230407_965485,1,2
IRAK4_Q9D8N6_x1,model_4,7.78,63.73,0.2299,0.3272,0.0465,66,70,IRAK4_Q9D8N6_x1_model_4_multimer_v3_p1_230407_064418,1,2
IRAK4_Q9D8N6_x1,model_1,2.02,62.58,0.2398,0.4151,0.0473,72,99,IRAK4_Q9D8N6_x1_model_1_multimer_v3_p1_230419_022698,1,2
IRAK4_Q9D8N6_x1,model_2,1.92,64.3,0.2243,0.3059,0.0226,50,53,IRAK4_Q9D8N6_x1_model_2_multimer_v3_p1_230419_971108,1,2
IRAK4_Q9D8N6_x1,model_3,1.3,64.19,0.2212,0.2462,0.019,42,51,IRAK4_Q9D8N6_x1_model_3_multimer_v3_p1_230419_610438,1,2
IRAK4_Q9D8N6_x1,model_4,1.54,63.78,0.2262,0.3166,0.0277,51,53,IRAK4_Q9D8N6_x1_model_4_multimer_v3_p1_230420_283532,1,2
IRAK4_Q9D8N6_x1,model_5,1.83,64.24,0.2048,0.2282,0.0144,38,35,IRAK4_Q9D8N6_x1_model_5_multimer_v3_p1_230420_915586,1,2
IRAK4_Q9D8X2_x1,model_1,1.45,66.06,0.2431,0.3377,0.0557,64,64,IRAK4_Q9D8X2_x1_model_1_multimer_v3_p1_230406_718831,1,2
IRAK4_Q9D8X2_x1,model_2,1.43,67.57,0.2032,0.3857,0.0201,41,38,IRAK4_Q9D8X2_x1_model_2_multimer_v3_p1_230406_007212,1,2
IRAK4_Q9D8X2_x1,model_3,2.43,65.91,0.2272,0.3011,0.0436,52,49,IRAK4_Q9D8X2_x1_model_3_multimer_v3_p1_230406_947756,1,2
IRAK4_Q9D8X2_x1,model_4,2.31,63.42,0.2549,0.2855,0.0357,62,65,IRAK4_Q9D8X2_x1_model_4_multimer_v3_p1_230407_821146,1,2
IRAK4_Q9D8X2_x1,model_5,1.72,66.06,0.2233,0.221,0.0393,52,51,IRAK4_Q9D8X2_x1_model_5_multimer_v3_p1_230407_064190,1,2
IRAK4_Q9D8X2_x1,model_1,1.35,66.37,0.2489,0.3071,0.0513,57,55,IRAK4_Q9D8X2_x1_model_1_multimer_v3_p1_230419_113837,1,2
IRAK4_Q9D8X2_x1,model_2,2.64,67.72,0.2201,0.3151,0.0271,36,33,IRAK4_Q9D8X2_x1_model_2_multimer_v3_p1_230419_197394,1,2
IRAK4_Q9D8X2_x1,model_3,1.17,65.67,0.2328,0.262,0.0301,41,38,IRAK4_Q9D8X2_x1_model_3_multimer_v3_p1_230420_665812,1,2
IRAK4_Q9D8X2_x1,model_4,1.71,64.44,0.2655,0.3883,0.0761,109,147,IRAK4_Q9D8X2_x1_model_4_multimer_v3_p1_230420_800816,1,2
IRAK4_Q9D8X2_x1,model_5,1.58,66.03,0.2268,0.3373,0.0326,43,44,IRAK4_Q9D8X2_x1_model_5_multimer_v3_p1_230420_405483,1,2
IRAK4_Q9DB42_x1,model_1,3.22,66.5,0.2919,0.3777,0.0945,131,165,IRAK4_Q9DB42_x1_model_1_multimer_v3_p1_230406_325053,1,2
IRAK4_Q9DB42_x1,model_2,1.04,68.5,0.2966,0.3258,0.0694,92,120,IRAK4_Q9DB42_x1_model_2_multimer_v3_p1_230407_357530,1,2
IRAK4_Q9DB42_x1,model_3,0.76,66.84,0.3043,0.4203,0.0942,71,112,IRAK4_Q9DB42_x1_model_3_multimer_v3_p1_230407_680849,1,2
IRAK4_Q9DB42_x1,model_4,1.19,67.18,0.32,0.3767,0.1038,84,105,IRAK4_Q9DB42_x1_model_4_multimer_v3_p1_230407_814550,1,2
IRAK4_Q9DB42_x1,model_5,1.27,66.77,0.3078,0.3708,0.0681,73,91,IRAK4_Q9DB42_x1_model_5_multimer_v3_p1_230407_276054,1,2
IRAK4_Q9DB42_x1,model_1,5.09,66.78,0.2878,0.3255,0.0738,85,116,IRAK4_Q9DB42_x1_model_1_multimer_v3_p1_230419_199493,1,2
IRAK4_Q9DB42_x1,model_2,1.24,68.24,0.2951,0.3268,0.0763,104,139,IRAK4_Q9DB42_x1_model_2_multimer_v3_p1_230419_892549,1,2
IRAK4_Q9DB42_x1,model_3,1.13,66.58,0.2998,0.4226,0.092,81,116,IRAK4_Q9DB42_x1_model_3_multimer_v3_p1_230419_161810,1,2
IRAK4_Q9DB42_x1,model_4,1.73,67.01,0.3257,0.38,0.102,106,143,IRAK4_Q9DB42_x1_model_4_multimer_v3_p1_230419_103886,1,2
IRAK4_Q9DB42_x1,model_5,1.06,66.13,0.2961,0.3915,0.0714,87,108,IRAK4_Q9DB42_x1_model_5_multimer_v3_p1_230419_291135,1,2
IRAK4_Q9DB98_x1,model_1,1.02,61.5,0.2527,0.4493,0.1211,103,156,IRAK4_Q9DB98_x1_model_1_multimer_v3_p1_230406_120736,1,2
IRAK4_Q9DB98_x1,model_2,2.57,63.19,0.2349,0.3276,0.0585,62,83,IRAK4_Q9DB98_x1_model_2_multimer_v3_p1_230406_282371,1,2
IRAK4_Q9DB98_x1,model_3,1.13,60.57,0.2544,0.4759,0.1205,91,105,IRAK4_Q9DB98_x1_model_3_multimer_v3_p1_230406_267703,1,2
IRAK4_Q9DB98_x1,model_4,3.5,59.22,0.2549,0.4333,0.1148,104,107,IRAK4_Q9DB98_x1_model_4_multimer_v3_p1_230406_557050,1,2
IRAK4_Q9DB98_x1,model_5,2.85,59.77,0.2604,0.3386,0.0867,80,90,IRAK4_Q9DB98_x1_model_5_multimer_v3_p1_230407_589717,1,2
IRAK4_Q9DB98_x1,model_1,1.77,60.65,0.2444,0.3558,0.0959,139,182,IRAK4_Q9DB98_x1_model_1_multimer_v3_p1_230419_164655,1,2
IRAK4_Q9DB98_x1,model_2,1.41,63.52,0.2352,0.3566,0.0694,85,122,IRAK4_Q9DB98_x1_model_2_multimer_v3_p1_230419_637892,1,2
IRAK4_Q9DB98_x1,model_3,1.6,60.58,0.2405,0.4907,0.1023,104,139,IRAK4_Q9DB98_x1_model_3_multimer_v3_p1_230419_360686,1,2
IRAK4_Q9DB98_x1,model_4,2.93,59.87,0.2521,0.3772,0.0902,101,109,IRAK4_Q9DB98_x1_model_4_multimer_v3_p1_230419_773094,1,2
IRAK4_Q9DB98_x1,model_5,2.12,59.42,0.2043,0.2988,0.0541,130,176,IRAK4_Q9DB98_x1_model_5_multimer_v3_p1_230419_424868,1,2
IRAK4_Q9DCN2_x1,model_1,1,78.6,0.2958,0.2988,0.0582,62,64,IRAK4_Q9DCN2_x1_model_1_multimer_v3_p1_230419_521958,1,2
IRAK4_Q9DCN2_x1,model_2,1.16,78.85,0.2541,0.2854,0.0385,75,90,IRAK4_Q9DCN2_x1_model_2_multimer_v3_p1_230419_808184,1,2
IRAK4_Q9DCN2_x1,model_3,1.6,78.73,0.215,0.3828,0.0298,80,90,IRAK4_Q9DCN2_x1_model_3_multimer_v3_p1_230419_563303,1,2
IRAK4_Q9DCN2_x1,model_4,2.09,78.09,0.2221,0.326,0.0283,84,166,IRAK4_Q9DCN2_x1_model_4_multimer_v3_p1_230419_627784,1,2
IRAK4_Q9DCN2_x1,model_5,2.11,78.36,0.2191,0.3559,0.0331,60,66,IRAK4_Q9DCN2_x1_model_5_multimer_v3_p1_230419_555255,1,2
IRAK4_Q9EPB4_x1,model_1,0.54,71.09,0.248,0.2299,0.041,69,82,IRAK4_Q9EPB4_x1_model_1_multimer_v3_p1_230406_283002,1,2
IRAK4_Q9EPB4_x1,model_2,1.08,72.8,0.219,0.3465,0.0184,52,71,IRAK4_Q9EPB4_x1_model_2_multimer_v3_p1_230406_922709,1,2
IRAK4_Q9EPB4_x1,model_3,1.21,73.3,0.2392,0.3,0.0214,52,61,IRAK4_Q9EPB4_x1_model_3_multimer_v3_p1_230406_340184,1,2
IRAK4_Q9EPB4_x1,model_4,1.83,71.11,0.2569,0.3573,0.0403,79,96,IRAK4_Q9EPB4_x1_model_4_multimer_v3_p1_230406_032063,1,2
IRAK4_Q9EPB4_x1,model_5,1.62,72.94,0.2258,0.2452,0.0218,61,73,IRAK4_Q9EPB4_x1_model_5_multimer_v3_p1_230407_746360,1,2
IRAK4_Q9EPB4_x1,model_1,0.99,70.67,0.2447,0.2492,0.0409,76,87,IRAK4_Q9EPB4_x1_model_1_multimer_v3_p1_230419_374257,1,2
IRAK4_Q9EPB4_x1,model_2,0.68,72.57,0.2522,0.3289,0.0408,66,82,IRAK4_Q9EPB4_x1_model_2_multimer_v3_p1_230419_777697,1,2
IRAK4_Q9EPB4_x1,model_3,1.38,73.49,0.2242,0.3163,0.0193,49,59,IRAK4_Q9EPB4_x1_model_3_multimer_v3_p1_230419_525051,1,2
IRAK4_Q9EPB4_x1,model_4,2.38,70.97,0.2575,0.3152,0.0538,111,182,IRAK4_Q9EPB4_x1_model_4_multimer_v3_p1_230419_986913,1,2
IRAK4_Q9EPB4_x1,model_5,2.32,71.85,0.2255,0.2446,0.0281,75,126,IRAK4_Q9EPB4_x1_model_5_multimer_v3_p1_230419_580738,1,2
IRAK4_Q9EQK5_x1,model_1,2.3,78.67,0.4889,0.3816,0.2431,35,33,IRAK4_Q9EQK5_x1_model_1_multimer_v3_p1_230406_572792,1,2
IRAK4_Q9EQK5_x1,model_2,3.18,75.64,0.1969,0.0076,0,6,4,IRAK4_Q9EQK5_x1_model_2_multimer_v3_p1_230406_729051,2,2
IRAK4_Q9EQK5_x1,model_3,3.37,74.72,0.2065,0,0,0,0,IRAK4_Q9EQK5_x1_model_3_multimer_v3_p1_230407_219426,2,2
IRAK4_Q9EQK5_x1,model_4,3.12,72.99,0.2326,0.129,0.0235,37,39,IRAK4_Q9EQK5_x1_model_4_multimer_v3_p1_230407_573114,1,2
IRAK4_Q9EQK5_x1,model_5,5.76,75.58,0.205,0,0,0,0,IRAK4_Q9EQK5_x1_model_5_multimer_v3_p1_230407_560654,2,2
IRAK4_Q9EQK5_x1,model_1,7.29,78.51,0.4941,0.3773,0.2376,34,34,IRAK4_Q9EQK5_x1_model_1_multimer_v3_p1_230419_172085,1,2
IRAK4_Q9EQK5_x1,model_2,9.93,74.36,0.201,0.0057,0,5,3,IRAK4_Q9EQK5_x1_model_2_multimer_v3_p1_230419_926650,2,2
IRAK4_Q9EQK5_x1,model_3,2.71,75.27,0.2099,0.0129,0,6,5,IRAK4_Q9EQK5_x1_model_3_multimer_v3_p1_230419_263898,2,2
IRAK4_Q9EQK5_x1,model_4,2.02,72.7,0.2376,0.1878,0.046,50,59,IRAK4_Q9EQK5_x1_model_4_multimer_v3_p1_230419_934272,1,2
IRAK4_Q9EQK5_x1,model_5,3.96,73.31,0.2002,0,0,0,0,IRAK4_Q9EQK5_x1_model_5_multimer_v3_p1_230419_656808,2,2
IRAK4_Q9ER64_x1,model_1,3.69,63.39,0.2641,0.3435,0.0679,105,119,IRAK4_Q9ER64_x1_model_1_multimer_v3_p1_230419_707668,1,2
IRAK4_Q9ER64_x1,model_2,1.71,65.06,0.2603,0.3726,0.0671,75,92,IRAK4_Q9ER64_x1_model_2_multimer_v3_p1_230419_416668,1,2
IRAK4_Q9ER64_x1,model_3,4.69,61.56,0.2486,0.3734,0.066,162,295,IRAK4_Q9ER64_x1_model_3_multimer_v3_p1_230419_200050,1,2
IRAK4_Q9ER64_x1,model_4,2.24,61.75,0.3148,0.2945,0.1021,92,104,IRAK4_Q9ER64_x1_model_4_multimer_v3_p1_230419_418547,1,2
IRAK4_Q9ER64_x1,model_5,3.81,62.01,0.2684,0.2909,0.0578,106,130,IRAK4_Q9ER64_x1_model_5_multimer_v3_p1_230419_002843,1,2
IRAK4_Q9ESK4_x1,model_1,3.02,65.41,0.2279,0.3038,0.0426,68,88,IRAK4_Q9ESK4_x1_model_1_multimer_v3_p1_230419_547405,1,2
IRAK4_Q9ESK4_x1,model_2,4.43,65.88,0.2162,0.2506,0.0172,38,42,IRAK4_Q9ESK4_x1_model_2_multimer_v3_p1_230419_584902,1,2
IRAK4_Q9ESK4_x1,model_3,3.66,65.13,0.2155,0.2478,0.0347,70,95,IRAK4_Q9ESK4_x1_model_3_multimer_v3_p1_230419_653537,1,2
IRAK4_Q9ESK4_x1,model_4,3.19,63.71,0.2313,0.2797,0.0545,94,128,IRAK4_Q9ESK4_x1_model_4_multimer_v3_p1_230419_097033,1,2
IRAK4_Q9ESK4_x1,model_5,3.21,64.81,0.2088,0.2784,0.0211,53,74,IRAK4_Q9ESK4_x1_model_5_multimer_v3_p1_230419_155069,1,2
IRAK4_Q9JJA7_x1,model_1,1.19,64.02,0.411,0.446,0.2647,74,72,IRAK4_Q9JJA7_x1_model_1_multimer_v3_p1_230419_939091,1,2
IRAK4_Q9JJA7_x1,model_2,3.77,65.24,0.4145,0.4253,0.2384,66,69,IRAK4_Q9JJA7_x1_model_2_multimer_v3_p1_230419_372577,1,2
IRAK4_Q9JJA7_x1,model_3,2.35,63.47,0.2993,0.33,0.1026,81,84,IRAK4_Q9JJA7_x1_model_3_multimer_v3_p1_230420_676905,1,2
IRAK4_Q9JJA7_x1,model_4,3.84,63.47,0.4173,0.3934,0.239,72,74,IRAK4_Q9JJA7_x1_model_4_multimer_v3_p1_230420_895505,1,2
IRAK4_Q9JJA7_x1,model_5,2.77,63.93,0.3942,0.3947,0.2119,65,61,IRAK4_Q9JJA7_x1_model_5_multimer_v3_p1_230420_242179,1,2
IRAK4_Q9JMG1_x1,model_1,1.41,70.42,0.4071,0.6129,0.3066,97,145,IRAK4_Q9JMG1_x1_model_1_multimer_v3_p1_230406_892367,1,2
IRAK4_Q9JMG1_x1,model_2,1.95,72.1,0.4269,0.6306,0.3373,80,115,IRAK4_Q9JMG1_x1_model_2_multimer_v3_p1_230406_615089,1,2
IRAK4_Q9JMG1_x1,model_3,0.4,70.23,0.3362,0.5445,0.2023,80,99,IRAK4_Q9JMG1_x1_model_3_multimer_v3_p1_230406_841000,1,2
IRAK4_Q9JMG1_x1,model_4,5.85,68.61,0.3323,0.4468,0.1426,89,101,IRAK4_Q9JMG1_x1_model_4_multimer_v3_p1_230406_042634,1,2
IRAK4_Q9JMG1_x1,model_5,1.44,70.08,0.3568,0.4894,0.2034,77,93,IRAK4_Q9JMG1_x1_model_5_multimer_v3_p1_230406_757461,1,2
IRAK4_Q9JMG1_x1,model_1,1.58,69.79,0.3624,0.5418,0.2254,82,100,IRAK4_Q9JMG1_x1_model_1_multimer_v3_p1_230419_057128,1,2
IRAK4_Q9JMG1_x1,model_2,1.23,71.56,0.3039,0.4809,0.1285,89,120,IRAK4_Q9JMG1_x1_model_2_multimer_v3_p1_230419_157901,1,2
IRAK4_Q9JMG1_x1,model_3,0.65,73.24,0.5438,0.6155,0.4272,75,79,IRAK4_Q9JMG1_x1_model_3_multimer_v3_p1_230419_839691,1,2
IRAK4_Q9JMG1_x1,model_4,1.17,69.38,0.3644,0.5183,0.1731,103,162,IRAK4_Q9JMG1_x1_model_4_multimer_v3_p1_230419_279179,1,2
IRAK4_Q9JMG1_x1,model_5,2.41,69.71,0.3449,0.553,0.2108,86,112,IRAK4_Q9JMG1_x1_model_5_multimer_v3_p1_230419_201300,1,2
IRAK4_Q9QUH0_x1,model_1,1.4,77.25,0.2308,0.3851,0.03,52,66,IRAK4_Q9QUH0_x1_model_1_multimer_v3_p1_230419_716041,1,2
IRAK4_Q9QUH0_x1,model_2,1.05,82.84,0.8012,0.3844,0.2828,28,30,IRAK4_Q9QUH0_x1_model_2_multimer_v3_p1_230419_059383,1,2
IRAK4_Q9QUH0_x1,model_3,1.51,77.98,0.2664,0.3895,0.0261,38,70,IRAK4_Q9QUH0_x1_model_3_multimer_v3_p1_230419_327484,1,2
IRAK4_Q9QUH0_x1,model_4,0.54,81.41,0.783,0.4092,0.2738,28,27,IRAK4_Q9QUH0_x1_model_4_multimer_v3_p1_230419_175354,1,2
IRAK4_Q9QUH0_x1,model_5,2.63,76.52,0.3085,0.2931,0.0317,36,33,IRAK4_Q9QUH0_x1_model_5_multimer_v3_p1_230420_741571,1,2
IRAK4_Q9R1P4_x1,model_1,1.21,76.24,0.394,0.3656,0.1453,87,102,IRAK4_Q9R1P4_x1_model_1_multimer_v3_p1_230419_781906,1,2
IRAK4_Q9R1P4_x1,model_2,1.59,76.1,0.3475,0.3732,0.1288,102,113,IRAK4_Q9R1P4_x1_model_2_multimer_v3_p1_230419_302368,1,2
IRAK4_Q9R1P4_x1,model_3,1.46,75.18,0.3425,0.3662,0.1297,100,114,IRAK4_Q9R1P4_x1_model_3_multimer_v3_p1_230419_096704,1,2
IRAK4_Q9R1P4_x1,model_4,1.86,74.74,0.3901,0.4124,0.1577,113,148,IRAK4_Q9R1P4_x1_model_4_multimer_v3_p1_230419_367049,1,2
IRAK4_Q9R1P4_x1,model_5,1.21,73.65,0.3398,0.4256,0.1102,105,126,IRAK4_Q9R1P4_x1_model_5_multimer_v3_p1_230419_657852,1,2
IRAK4_Q9WUU8_x1,model_1,2.62,53.04,0.25,0.3877,0.075,68,87,IRAK4_Q9WUU8_x1_model_1_multimer_v3_p1_230406_526251,1,2
IRAK4_Q9WUU8_x1,model_2,7.06,53.68,0.2118,0.1972,0.0133,34,27,IRAK4_Q9WUU8_x1_model_2_multimer_v3_p1_230406_405404,1,2
IRAK4_Q9WUU8_x1,model_3,4.73,53.12,0.2401,0.327,0.064,58,73,IRAK4_Q9WUU8_x1_model_3_multimer_v3_p1_230406_267865,1,2
IRAK4_Q9WUU8_x1,model_4,7.56,49.41,0.2191,0.2706,0.0479,105,154,IRAK4_Q9WUU8_x1_model_4_multimer_v3_p1_230407_138701,1,2
IRAK4_Q9WUU8_x1,model_5,3.76,53.42,0.264,0.2891,0.0499,37,35,IRAK4_Q9WUU8_x1_model_5_multimer_v3_p1_230407_034682,1,2
IRAK4_Q9WUU8_x1,model_1,3.12,55.74,0.3767,0.343,0.1656,40,37,IRAK4_Q9WUU8_x1_model_1_multimer_v3_p1_230419_188322,1,2
IRAK4_Q9WUU8_x1,model_2,8.86,55.54,0.2751,0.2571,0.0661,64,75,IRAK4_Q9WUU8_x1_model_2_multimer_v3_p1_230419_158865,1,2
IRAK4_Q9WUU8_x1,model_3,2.72,53.61,0.2713,0.3004,0.0718,45,46,IRAK4_Q9WUU8_x1_model_3_multimer_v3_p1_230419_772841,1,2
IRAK4_Q9WUU8_x1,model_4,7.44,49.12,0.2344,0.3572,0.0475,47,56,IRAK4_Q9WUU8_x1_model_4_multimer_v3_p1_230419_314005,1,2
IRAK4_Q9WUU8_x1,model_5,4.16,52.05,0.2604,0.2918,0.0651,50,44,IRAK4_Q9WUU8_x1_model_5_multimer_v3_p1_230419_340624,1,2
IRAK4_Q9Z1Q2_x1,model_1,0.78,78.18,0.2285,0.487,0.0242,79,153,IRAK4_Q9Z1Q2_x1_model_1_multimer_v3_p1_230406_803898,1,2
IRAK4_Q9Z1Q2_x1,model_2,0.74,78.68,0.2414,0.3127,0.035,93,108,IRAK4_Q9Z1Q2_x1_model_2_multimer_v3_p1_230406_929632,1,2
IRAK4_Q9Z1Q2_x1,model_3,1.16,78.18,0.2246,0.3925,0.0255,86,148,IRAK4_Q9Z1Q2_x1_model_3_multimer_v3_p1_230407_581778,1,2
IRAK4_Q9Z1Q2_x1,model_4,2.2,76.82,0.2402,0.3454,0.0275,71,120,IRAK4_Q9Z1Q2_x1_model_4_multimer_v3_p1_230407_832417,1,2
IRAK4_Q9Z1Q2_x1,model_5,1.12,77.89,0.2244,0.4495,0.0295,96,234,IRAK4_Q9Z1Q2_x1_model_5_multimer_v3_p1_230407_168726,1,2
IRAK4_Q9Z1Q2_x1,model_1,1.98,77.77,0.2276,0.4239,0.0355,97,237,IRAK4_Q9Z1Q2_x1_model_1_multimer_v3_p1_230419_053122,1,2
IRAK4_Q9Z1Q2_x1,model_2,0.78,77.95,0.2451,0.3223,0.0437,121,164,IRAK4_Q9Z1Q2_x1_model_2_multimer_v3_p1_230419_669388,1,2
IRAK4_Q9Z1Q2_x1,model_3,3.2,76.79,0.2406,0.3738,0.0352,118,197,IRAK4_Q9Z1Q2_x1_model_3_multimer_v3_p1_230419_485589,1,2
IRAK4_Q9Z1Q2_x1,model_4,2.15,76.1,0.2502,0.3456,0.038,103,126,IRAK4_Q9Z1Q2_x1_model_4_multimer_v3_p1_230419_026339,1,2
IRAK4_Q9Z1Q2_x1,model_5,1.06,77.31,0.2223,0.4315,0.0314,113,313,IRAK4_Q9Z1Q2_x1_model_5_multimer_v3_p1_230419_362373,1,2
